id,wave,age,race,gender,ambition_important,attractive_important,funny_important,intelligence_important,shared_interests_important,sincere_important,field,importance_same_race,importance_same_religion,sports,tvsports,exercise,dining,museums,art,hiking,gaming,clubbing,reading,tv,theater,movies,concerts,music,shopping,yoga,expected_happy_with_sd_people,expected_num_interested_in_me,expected_num_matches,attractive,sincere,intelligence,funny,ambition,
10000,1,21,Asian/Pacific Islander/Asian-American,female,15,15,15,20,15,20,Law,2,4,9,2,8,9,1,1,5,1,5,6,9,1,10,10,9,8,1,3,2,4,6,8,8,8,7,
10001,1,24,European/Caucasian-American,female,0,45,20,25,5,5,law,2,5,3,2,7,10,8,6,3,5,8,10,1,9,8,7,8,3,1,4,5,3,7,5,10,8,3,
10002,1,25,European/Caucasian-American,female,10,35,10,35,0,10,Economics,8,4,3,8,7,8,5,5,8,4,5,7,8,7,7,7,5,8,7,4,2,,8,9,8,9,8,
10003,1,23,European/Caucasian-American,female,10,20,20,20,10,20,Law,1,1,1,1,6,7,6,7,7,5,7,7,7,9,7,8,7,1,8,1,2,2,7,8,9,7,8,
10004,1,21,European/Caucasian-American,female,10,20,25,25,15,5,Law,8,1,7,4,7,7,6,8,6,6,8,6,8,6,6,3,7,8,3,7,10,,6,3,6,10,8,
10005,1,23,Asian/Pacific Islander/Asian-American,female,5,10,25,20,15,25,law,1,1,10,8,9,7,8,7,9,2,6,9,2,5,6,6,4,1,1,4,3,4,5,7,8,9,5,
10006,1,22,Asian/Pacific Islander/Asian-American,female,15,15,20,25,10,15,Law,2,4,5,3,4,10,10,10,2,3,8,8,8,10,10,10,10,10,10,7,3,2,6,6,5,7,7,
10007,1,25,European/Caucasian-American,female,18.18,9.09,18.18,27.27,9.09,18.18,Masters in Public Administration,1,1,2,2,1,10,9,9,3,2,10,8,10,9,9,6,6,8,6,6,10,,7,4,8,8,8,
10008,1,26,Other,female,10,20,30,20,10,10,Masters in Public Administration,1,1,4,3,1,8,6,7,2,2,10,8,8,10,10,9,9,8,3,6,15,1,7,6,10,7,7,
10009,1,26,European/Caucasian-American,female,10,15,40,15,5,15,Masters of Social Work&Education,4,4,9,9,9,7,6,6,7,1,7,8,5,6,7,7,8,7,7,7,10,,6,8,10,6,9,
10010,1,27,European/Caucasian-American,male,0,35,20,20,5,20,Finance,7,3,8,7,2,6,7,5,5,5,4,9,2,4,8,7,8,5,1,7,3,0,8,9,7,8,5,
10011,1,22,European/Caucasian-American,male,0,60,40,0,0,0,Law,1,1,9,7,9,8,7,6,3,3,5,6,6,4,7,7,9,5,5,7,20,3,9,9,9,10,9,
10012,1,22,Asian/Pacific Islander/Asian-American,male,14,19,18,19,12,18,Law,3,5,7,8,2,9,5,6,4,7,7,6,8,10,8,9,9,8,1,3,4,,4,7,8,8,3,
10013,1,23,European/Caucasian-American,male,5,30,40,15,5,5,Law,1,1,10,6,8,8,3,3,10,8,8,6,7,3,10,6,8,6,1,8,15,,9,9,9,9,9,
10014,1,24,Latino/Hispanic American,male,10,30,10,20,20,10,Law,3,1,9,7,9,7,4,3,6,7,9,8,6,9,9,6,7,2,1,5,9,,7,7,7,9,9,
10015,1,25,European/Caucasian-American,male,0,50,10,30,10,0,Business,9,2,7,2,6,7,7,7,5,5,5,8,3,7,8,7,8,6,1,7,10,3,6,6,8,8,6,
10016,1,30,European/Caucasian-American,male,5,35,10,25,10,15,political science,1,1,8,2,9,7,7,5,4,2,6,4,2,7,9,7,7,2,2,4,2,1,7,7,6,8,4,
10017,1,27,European/Caucasian-American,male,11.11,33.33,11.11,11.11,22.22,11.11,Business,8,8,5,5,5,9,4,3,4,4,2,6,9,3,9,3,6,2,1,5,2,2,6,8,6,8,9,
10018,1,28,European/Caucasian-American,male,0,50,10,25,15,0,money,1,1,10,10,10,10,5,5,6,7,9,8,1,1,7,7,7,7,10,10,20,,10,6,10,10,10,
10019,1,24,European/Caucasian-American,male,0,100,0,0,0,0,Finance,1,1,10,10,10,10,9,9,4,10,10,8,3,8,8,6,6,5,10,6,19,1,7,7,10,10,10,
10020,2,21,Asian/Pacific Islander/Asian-American,female,16,12,16,20,18,18,Operations Research,8,10,10,8,10,5,5,5,2,1,3,7,10,4,7,4,8,5,2,5,0,0,5,9,7,9,10,
10021,2,27,Black/African American,female,10,20,10,20,20,20,TC [Health Ed],1,2,1,2,2,8,8,8,1,2,6,8,8,8,9,7,7,8,8,4,2,2,7,8,7,8,7,
10022,2,21,Asian/Pacific Islander/Asian-American,female,10,10,10,40,10,20,Psychology,9,6,2,2,3,9,7,6,6,7,7,10,9,10,10,10,10,10,3,5,3,3,5,8,6,7,8,
10023,2,27,European/Caucasian-American,female,20,10,15,20,15,20,social work,2,3,10,1,10,9,6,6,10,6,3,6,1,6,9,8,8,6,7,5,3,1,7,9,9,8,8,
10024,2,25,European/Caucasian-American,female,15,20,15,15,15,20,Social Work,10,2,7,4,7,7,6,3,5,6,8,9,9,7,10,6,8,8,4,5,4,0,7,9,7,8,6,
10025,2,23,European/Caucasian-American,female,15,20,15,20,10,20,Social Work,2,4,9,4,9,7,7,4,6,5,7,5,3,9,9,6,4,5,1,7,10,0,7,8,8,8,8,
10026,2,22,Latino/Hispanic American,female,25,17,20,18,10,10,Speech Language Pathology,1,5,7,6,8,8,7,6,8,7,8,8,5,5,5,5,7,7,8,5,4,1,6,6,7,7,7,
10028,2,22,European/Caucasian-American,female,15,20,15,18,10,22,Social Work,4,5,8,9,7,7,7,6,2,2,7,7,7,5,7,6,8,9,5,7,4,3,6,9,8,7,8,
10029,2,23,European/Caucasian-American,female,20,10,20,20,10,20,Law,2,4,5,6,8,7,4,4,2,1,7,8,5,7,7,7,9,6,4,3,2,1,7,8,9,8,8,
10030,2,24,European/Caucasian-American,female,10,35,20,20,5,10,law,4,8,3,3,7,10,7,7,7,2,6,6,8,8,8,6,7,10,6,5,4,3,8,8,9,8,9,
10031,2,27,Asian/Pacific Islander/Asian-American,female,0,50,0,50,0,0,Psychology,1,1,4,1,5,9,5,5,1,2,4,9,6,6,7,5,8,10,9,3,0,0,7,5,9,9,7,
10032,2,30,European/Caucasian-American,female,0,30,10,30,10,20,Educational Psychology,4,8,4,6,10,7,8,6,6,8,6,10,10,8,8,6,6,7,9,4,0,1,6,8,6,8,8,
10033,2,21,Asian/Pacific Islander/Asian-American,female,15,30,15,30,5,5,Applied Maths/Econs,2,2,7,6,6,7,4,4,5,4,7,7,6,9,10,7,7,7,7,6,5,2,7,7,7,7,8,
10034,2,25,European/Caucasian-American,female,7,20,22,23,5,23,Mathematics,9,7,9,7,9,8,8,8,5,6,9,7,9,8,8,7,7,8,3,7,8,10,8,9,9,9,7,
10035,2,26,European/Caucasian-American,female,15,20,15,20,5,25,Statistics,7,8,6,1,4,6,7,7,7,1,3,9,1,9,6,6,7,5,1,6,8,0,8,7,8,8,6,
10036,2,27,European/Caucasian-American,female,10,10,25,30,15,10,Organizational Psychology,5,8,6,4,6,10,9,8,7,6,7,5,6,10,7,8,7,4,9,7,3,6,7,8,7,9,5,
10037,2,23,Black/African American,female,10,50,10,20,0,10,Law,8,1,7,2,7,10,2,2,7,4,7,2,8,8,10,10,10,10,2,2,12,3,8,2,7,8,8,
10038,2,24,Latino/Hispanic American,female,15,20,15,20,10,20,Law,6,4,3,2,4,10,10,8,7,1,5,10,9,9,10,9,9,10,1,2,5,3,6,9,6,8,7,
10039,2,25,Asian/Pacific Islander/Asian-American,male,10,25,20,25,0,20,Operations Research,9,6,4,9,3,7,7,8,5,7,9,7,5,5,8,8,10,4,2,3,2,0,3,10,8,9,5,
10040,2,30,Asian/Pacific Islander/Asian-American,male,0,30,30,10,10,20,law,1,1,5,5,6,5,5,5,5,10,5,6,6,6,6,5,5,5,1,7,3,,5,7,5,8,5,
10041,2,23,Asian/Pacific Islander/Asian-American,male,10,20,15,20,10,25,Mechanical Engineering,1,6,1,1,7,5,3,3,3,1,1,9,8,5,7,2,5,2,1,6,3,1,6,9,6,8,4,
10042,2,24,European/Caucasian-American,male,0,25,10,30,0,35,Economics,1,1,8,9,6,5,7,7,2,5,5,9,6,7,4,6,5,2,1,3,1,0,3,8,3,7,2,
10043,2,24,European/Caucasian-American,male,15,25,25,25,15,15,Psychology,3,3,9,1,8,7,8,8,10,6,7,8,1,7,3,8,1,6,8,7,5,3,7,9,8,9,9,
10044,2,28,European/Caucasian-American,male,0,25,15,25,20,15,Finance,6,6,9,7,3,6,8,6,6,7,6,6,7,6,7,6,6,6,3,7,7,9,7,8,6,8,7,
10045,2,26,European/Caucasian-American,male,10,20,10,20,5,35,Finanace,2,3,10,7,5,6,7,7,8,3,7,7,4,4,6,5,6,2,7,7,8,4,7,8,5,7,7,
10046,2,30,European/Caucasian-American,male,5,20,25,25,5,20,Finance&Economics,2,2,6,7,2,8,7,6,3,7,4,7,4,5,8,8,7,2,1,8,6,5,8,7,9,9,3,
10047,2,22,European/Caucasian-American,male,5,30,25,25,0,15,Undergrad - GS,9,2,3,1,6,7,7,8,1,5,8,4,6,10,10,6,8,6,2,6,5,2,7,9,6,7,6,
10048,2,25,Asian/Pacific Islander/Asian-American,male,5,20,20,20,15,20,Mathematical Finance,1,3,10,7,5,7,6,7,2,8,7,9,5,5,6,5,8,2,7,6,4,4,7,10,10,10,8,
10049,2,27,Black/African American,male,10,35,15,20,10,10,Law,4,4,10,10,3,8,5,3,4,3,10,5,6,8,10,7,10,6,2,5,7,5,8,9,9,10,8,
10050,2,23,European/Caucasian-American,male,0,25,15,35,15,10,Law,5,10,6,6,7,3,4,3,6,5,4,5,7,1,6,1,2,2,1,3,2,1,6,8,2,10,2,
10051,2,21,European/Caucasian-American,male,5,15,30,15,15,20,Law,10,9,8,5,3,6,3,4,3,3,3,3,7,4,6,3,5,4,2,5,1,2,5,8,6,8,7,
10052,2,28,European/Caucasian-American,male,5,40,10,20,10,15,Medicine,2,2,8,4,3,10,9,8,8,4,4,9,5,7,9,9,9,7,3,6,9,8,8,9,8,8,8,
10053,2,28,European/Caucasian-American,male,0,40,20,20,0,20,MBA,1,1,5,2,2,8,7,8,8,1,3,7,1,8,6,9,9,1,3,7,5,2,8,9,8,8,8,
10054,2,23,Black/African American,male,10,20,10,25,10,25,LAW,1,1,10,8,4,5,5,4,1,6,10,9,7,5,10,7,10,5,1,7,5,2,6,10,10,9,10,
10055,3,23,European/Caucasian-American,female,17,17,15,18,15,18,social work,10,9,2,1,10,10,5,5,2,1,7,6,8,8,7,6,9,10,4,3,15,3,10,10,9,8,5,
10056,3,22,European/Caucasian-American,female,15,10,20,20,15,20,Social Work,10,10,4,4,5,9,9,9,9,1,5,9,9,9,9,9,9,9,9,9,12,3,6,10,10,9,10,
10059,3,29,Other,female,15,5,15,25,20,20,psychology,3,10,3,1,9,9,5,5,3,1,5,5,2,10,7,6,9,5,5,4,10,2,7,9,9,9,9,
10060,3,28,European/Caucasian-American,female,15,15,15,20,20,15,German Literature,1,5,1,1,5,10,10,10,5,1,5,10,6,10,10,8,10,8,7,5,5,1,7,10,7,10,7,
10061,3,26,Latino/Hispanic American,female,10,30,20,20,10,10,law,1,1,8,5,7,8,6,6,7,7,7,7,3,2,9,7,9,9,2,5,1,5,9,9,9,9,9,
10062,3,24,Asian/Pacific Islander/Asian-American,female,0,5,25,45,10,15,Law,1,3,5,3,8,6,9,8,5,1,2,10,1,8,9,4,5,6,2,6,2,,6,8,9,8,7,
10063,3,27,Asian/Pacific Islander/Asian-American,female,10,10,10,25,20,25,Social Work,6,3,8,8,8,8,8,8,9,5,3,8,7,8,8,9,9,8,5,3,2,4,8,8,6,9,9,
10064,3,23,Other,female,17,17,17,17,15,17,Social Work,6,3,7,5,7,8,8,8,8,8,9,8,8,8,9,8,8,9,6,7,10,0,7,9,9,8,9,
10065,3,29,Latino/Hispanic American,male,53,20,15,15,20,25,Business & International Affairs,1,1,4,2,3,6,4,3,3,6,4,8,6,4,8,4,6,4,2,5,3,3,6,7,7,8,8,
10066,3,22,Other,male,5,20,20,20,10,15,Law,1,1,9,9,6,7,6,6,4,4,4,6,6,3,9,9,9,2,1,5,1,3,5,7,6,7,7,
10067,3,27,Black/African American,male,8,21,20,22,13,17,MFA Creative Writing,1,1,3,2,2,7,8,8,3,3,7,10,7,5,9,7,7,7,1,5,2,,6,8,7,8,8,
10068,3,28,European/Caucasian-American,male,0,50,10,30,0,10,MBA,2,2,10,7,5,5,3,2,1,3,9,8,2,4,7,6,7,2,1,3,0,1,5,9,5,8,8,
10069,3,26,European/Caucasian-American,male,15,25,20,20,10,10,MBA,5,1,9,4,9,5,7,5,7,5,5,8,3,7,8,5,8,5,6,3,2,0,8,6,8,9,6,
10070,3,21,European/Caucasian-American,male,0,60,15,0,10,15,Law,6,7,9,10,6,4,3,3,7,6,7,7,8,3,10,6,8,2,1,9,5,2,6,8,8,10,10,
10071,3,22,European/Caucasian-American,male,10,21,20,19,10,20,Engineering,8,1,8,3,7,10,6,6,7,2,9,5,6,7,7,6,8,8,4,7,9,1,7,9,8,8,8,
10072,3,22,European/Caucasian-American,male,0,30,30,20,10,10,MBA,7,3,9,9,7,6,5,4,4,6,6,5,5,5,7,7,6,4,1,2,4,0,7,7,8,7,8,
10073,3,25,European/Caucasian-American,male,10,30,30,30,0,0,Electrical Engineering,3,1,8,3,5,9,10,10,9,6,8,10,2,9,10,8,8,3,5,9,2,,7,9,9,8,7,
10074,3,24,Other,male,10,20,20,20,10,20,law,3,3,8,2,8,7,7,7,7,5,9,8,8,5,7,6,8,5,5,5,1,5,7,7,8,8,8,
10075,4,34,European/Caucasian-American,female,10,10,20,30,20,10,Classics,5,7,1,7,6,8,8,8,5,1,7,7,4,8,8,8,7,7,7,6,4,4,6,6,6,8,4,
10076,4,22,European/Caucasian-American,female,15,15,20,20,10,20,Social Work,2,2,7,1,10,9,9,9,8,3,6,6,6,8,8,10,10,7,9,6,4,,6,8,8,8,8,
10077,4,23,Latino/Hispanic American,female,20,10,10,20,15,25,Social Work,1,4,5,1,7,7,9,5,9,1,3,9,3,9,9,9,7,5,10,7,0,1,3,10,3,8,8,
10078,4,26,Asian/Pacific Islander/Asian-American,female,20,10,20,15,15,20,Operations Research [SEAS],8,8,2,3,2,10,10,10,2,1,7,4,4,9,9,8,8,3,3,5,3,2,7,9,8,7,7,
10079,4,27,Asian/Pacific Islander/Asian-American,female,20,10,10,20,20,20,chemistry,3,1,8,3,7,5,5,4,3,1,5,10,9,7,7,7,7,9,2,7,10,4,8,8,8,8,8,
10080,4,28,European/Caucasian-American,female,20,10,20,20,20,10,Journalism,6,9,6,2,7,9,9,7,7,1,7,7,7,9,9,7,7,7,4,5,6,2,8,7,8,7,7,
10081,4,25,Other,female,10,20,20,20,10,20,Elementary/Childhood Education [MA],2,7,5,5,5,8,9,10,9,1,7,8,6,8,8,8,9,6,7,7,2,5,8,9,8,8,7,
10082,4,35,Latino/Hispanic American,female,11,10,12,20,15,32,Economics,1,5,5,1,3,5,7,8,3,1,6,8,3,7,8,7,8,4,7,6,3,0,5,9,9,5,5,
10083,4,32,Latino/Hispanic American,female,0,30,5,30,5,30,microbiology,1,1,7,1,9,9,9,9,3,1,9,9,1,9,10,9,9,5,5,7,5,2,7,9,7,8,5,
10084,4,30,European/Caucasian-American,female,15,20,15,15,10,25,Masters of Social Work,3,5,2,3,4,9,8,6,8,4,7,8,4,6,7,5,8,5,3,4,4,3,7,9,9,8,9,
10085,4,22,European/Caucasian-American,female,5,15,20,20,20,20,Communications,1,1,2,2,1,4,7,7,2,1,6,4,7,5,10,10,10,2,2,6,10,3,7,9,9,9,4,
10086,4,23,European/Caucasian-American,female,15,15,15,20,20,15,Social Work,8,10,10,5,10,8,7,7,8,4,9,9,6,7,10,9,10,7,9,4,10,,9,9,9,9,9,
10087,4,23,European/Caucasian-American,female,20,15,15,20,15,15,Social Work,8,7,8,7,10,7,7,7,8,6,6,10,8,9,10,8,10,9,3,5,10,1,9,9,9,9,9,
10088,4,27,European/Caucasian-American,female,20,25,20,20,0,15,Marketing,3,2,2,2,2,10,8,8,7,8,9,8,1,9,8,8,9,4,2,5,6,1,8,9,8,9,10,
10089,4,23,Asian/Pacific Islander/Asian-American,female,10,15,18,18,18,21,Chemistry,4,1,8,9,6,5,8,9,6,3,1,10,6,7,8,7,6,4,1,5,0,2,5,8,5,7,5,
10090,4,25,Other,female,2,15,20,50,10,3,Law,6,8,4,2,5,7,7,5,7,3,5,7,7,10,8,8,7,6,2,5,3,,6,7,7,9,8,
10091,4,29,European/Caucasian-American,female,20,10,20,20,10,20,International Educational Development,1,2,7,2,8,10,9,9,9,2,9,10,4,10,10,8,10,6,9,5,6,3,9,10,9,9,9,
10092,4,29,European/Caucasian-American,female,18,14,24,18,6,20,Education Administration,2,2,3,2,6,10,7,6,8,7,8,7,5,8,8,6,5,7,6,6,2,,8,8,8,8,7,
10093,4,28,Asian/Pacific Islander/Asian-American,male,10,20,10,20,20,20,Business [MBA],6,8,7,2,8,8,5,4,4,3,3,9,5,7,9,6,7,4,5,5,2,4,6,9,9,9,7,
10094,4,26,European/Caucasian-American,male,13,18,19,18,14,18,Business,7,5,10,10,6,6,4,3,1,6,4,7,9,5,10,8,10,3,3,6,6,2,7,9,8,10,7,
10095,4,26,Latino/Hispanic American,male,6,10,22,20,22,20,Computer Science,3,6,5,8,7,10,10,8,10,6,8,8,3,8,9,8,7,7,3,7,3,4,7,9,9,9,9,
10096,4,29,European/Caucasian-American,male,0,50,23,20,0,7,Climate-Earth and Environ. Science,4,1,6,8,8,3,3,3,6,1,5,8,3,2,7,3,7,3,5,5,5,,7,5,7,6,6,
10097,4,39,European/Caucasian-American,male,0,40,20,15,5,20,Social Work,1,1,8,8,8,7,3,3,5,1,7,7,3,7,8,6,8,2,7,5,5,5,8,8,8,8,8,
10098,4,28,European/Caucasian-American,male,10,30,10,20,0,30,Law,1,1,5,5,5,8,10,10,5,5,9,6,6,10,10,10,10,8,5,8,18,10,10,10,10,10,8,
10099,4,30,Other,male,5,20,15,25,10,25,Business,8,9,5,4,6,7,6,6,2,2,4,6,5,7,7,3,7,6,2,5,4,4,7,8,8,9,6,
10100,4,22,Asian/Pacific Islander/Asian-American,male,10,40,12,10,20,8,financial math,3,2,9,9,7,9,9,9,8,8,9,8,7,9,8,7,8,8,4,7,14,5,8,8,8,9,9,
10101,4,32,European/Caucasian-American,male,10,30,20,30,0,10,Chemistry,2,6,9,9,9,9,4,4,7,2,5,5,4,4,9,3,5,5,2,6,18,8,8,5,7,10,9,
10102,4,26,European/Caucasian-American,male,10,40,10,20,15,5,Business- MBA,8,9,8,7,8,8,6,4,8,5,8,8,8,5,8,8,8,6,3,6,5,3,8,8,8,9,9,
10103,4,27,European/Caucasian-American,male,20,20,15,25,5,15,chemistry,6,8,8,3,8,9,8,8,9,5,8,7,3,8,7,6,8,3,7,8,3,3,9,8,7,9,9,
10104,4,25,Black/African American,male,0,30,20,20,5,15,law,1,1,9,9,6,8,5,5,3,4,7,8,6,6,7,4,7,5,5,5,1,,8,7,9,8,6,
10105,4,22,Latino/Hispanic American,male,5,10,10,35,20,20,Law,1,3,2,4,2,9,6,5,4,9,2,9,8,7,9,2,8,5,3,5,2,4,4,7,3,9,2,
10106,4,21,European/Caucasian-American,male,5,19,23,21,8,24,Religion,1,1,7,2,4,7,6,7,8,1,7,7,1,5,7,9,9,1,10,6,3,,7,9,9,9,6,
10107,4,24,European/Caucasian-American,male,0,10,20,35,15,20,Electrical Engineering,1,1,7,3,4,5,6,7,3,2,5,7,3,7,7,4,6,2,2,5,2,3,4,8,3,7,2,
10108,4,25,Asian/Pacific Islander/Asian-American,male,5,15,10,30,30,10,Film,1,1,2,1,2,10,10,10,1,2,2,10,5,7,10,10,10,5,3,5,3,2,6,9,8,9,8,
10109,4,28,European/Caucasian-American,male,5,20,15,15,25,20,Film,4,6,4,3,8,7,7,9,8,2,3,7,5,7,9,7,8,3,6,6,3,3,7,9,8,8,7,
10110,4,27,Asian/Pacific Islander/Asian-American,male,10,20,20,20,10,20,Business,7,1,9,9,7,9,10,9,9,1,5,9,5,8,9,8,5,3,5,9,1,,5,8,5,8,5,
10111,5,20,Other,female,10,15,25,20,15,15,Sociology,1,1,8,3,8,5,7,8,8,8,9,9,3,8,8,9,10,4,6,4,4,8,9,10,9,9,9,
10112,5,21,European/Caucasian-American,female,15,15,25,25,5,15,Economics,3,8,5,3,7,10,9,8,7,2,6,8,7,10,10,9,10,10,7,7,20,0,8,10,10,8,9,
10113,5,20,Black/African American,female,10,20,20,20,10,20,Economics, English,2,4,6,8,3,4,4,3,5,2,6,8,7,6,7,6,9,2,2,6,,3,7,9,8,6,7
10114,5,21,European/Caucasian-American,female,15,20,20,30,5,10,psychology,10,7,2,2,8,7,3,3,1,1,8,10,2,2,6,4,7,8,1,3,12,3,8,7,8,9,8,
10115,5,21,European/Caucasian-American,female,20,15,25,25,0,15,political science,4,1,5,4,3,10,10,10,6,4,8,10,10,10,10,10,10,10,8,7,20,4,8,9,8,9,9,
10116,5,21,European/Caucasian-American,female,20,20,20,20,10,10,Economics, Sociology,8,10,6,8,6,9,8,6,3,5,8,8,5,6,5,6,5,9,3,6,4,1,8,7,8,8,8
10117,5,19,Latino/Hispanic American,female,10,50,10,10,5,15,Polish,5,2,8,5,8,9,9,9,5,8,10,9,5,10,9,10,10,7,8,4,15,5,8,10,10,10,10,
10118,5,20,Latino/Hispanic American,female,8,10,35,35,2,10,English,1,4,5,4,4,8,7,5,3,1,5,10,6,10,9,6,8,3,5,3,5,2,6,8,8,8,9,
10119,5,21,European/Caucasian-American,female,15,35,30,5,0,15,psychology and english,8,1,2,2,6,10,6,10,6,4,7,7,8,10,10,10,10,10,4,2,0,2,2,9,9,7,9,
10120,5,22,Other,male,5,40,20,10,10,15,Law,1,1,7,9,7,9,7,6,5,6,6,6,8,7,8,8,8,5,4,6,10,4,7,10,8,8,8,
10121,5,18,Asian/Pacific Islander/Asian-American,male,5,50,5,20,10,10,Biomedical Engineering,3,5,9,9,8,8,3,2,5,5,6,2,7,2,7,7,7,7,5,5,1,0,8,7,7,7,8,
10122,5,22,Asian/Pacific Islander/Asian-American,male,10,40,10,10,20,10,Economics and Political Science,1,1,5,5,8,10,8,8,6,5,8,8,6,9,9,9,8,8,7,6,10,6,8,8,10,10,10,
10123,5,21,European/Caucasian-American,male,12,20,15,20,18,15,Art History/medicine,3,1,3,1,9,10,9,10,1,1,10,9,2,9,9,9,9,10,7,6,4,6,9,6,10,9,10,
10124,5,22,European/Caucasian-American,male,5,25,10,15,5,40,philosophy,7,5,10,8,7,8,8,7,5,2,7,10,5,8,8,9,10,6,7,6,5,1,9,10,9,9,9,
10125,5,22,European/Caucasian-American,male,5,25,15,25,5,25,Mechanical Engineering,1,1,10,8,8,8,5,3,5,5,6,1,7,1,5,8,7,5,10,1,20,7,8,8,9,9,8,
10126,5,21,European/Caucasian-American,male,10,40,20,10,5,15,Engineering,3,1,8,7,7,6,4,4,8,7,3,5,3,4,8,10,10,2,2,5,13,7,8,7,7,8,7,
10129,5,19,Asian/Pacific Islander/Asian-American,male,10,25,20,20,15,10,Computer Science,4,1,5,1,5,5,5,5,3,6,4,8,7,6,8,7,6,5,3,5,0,0,4,6,4,6,6,
10130,6,27,European/Caucasian-American,female,16.67,16.67,16.67,16.67,16.67,16.67,Finance,10,1,7,2,10,5,7,7,9,1,1,5,9,5,10,3,10,1,10,5,,0,8,10,10,9,10,
10131,6,24,Asian/Pacific Islander/Asian-American,female,14.89,12.77,17.02,17.02,19.15,19.15,electrical engineering,8,6,8,7,6,7,10,8,10,4,3,6,4,8,7,10,9,7,6,5,,,6,8,7,8,7,
10132,6,23,European/Caucasian-American,female,20,6.67,17.78,20,15.56,20,marine geophysics,8,10,7,4,4,8,9,6,7,8,6,8,5,9,5,7,8,8,8,8,,1,7,8,8,8,8,
10133,6,26,European/Caucasian-American,female,13.64,18.18,13.64,18.18,13.64,22.73,theory,9,6,3,1,1,1,9,9,10,1,7,7,1,8,7,10,10,2,9,6,,2,9,10,7,9,6,
10135,6,26,Asian/Pacific Islander/Asian-American,male,13.04,17.39,17.39,15.22,19.57,17.39,Business,1,1,6,1,8,8,4,4,1,5,7,4,7,1,9,9,10,8,3,7,,2,7,9,8,9,8,
10136,6,32,European/Caucasian-American,male,6.67,20,20,20,13.33,20,MBA,9,6,7,2,9,8,6,6,1,7,7,9,9,4,9,2,9,6,2,6,,3,8,8,8,8,8,
10137,6,37,Asian/Pacific Islander/Asian-American,male,12.5,18.75,20.83,18.75,12.5,16.67,engineering,6,1,7,5,8,10,9,9,6,5,6,10,8,7,10,8,9,7,8,8,,2,8,8,9,9,6,
10138,6,29,European/Caucasian-American,male,11.63,18.6,18.6,18.6,16.28,16.28,MBA,5,5,8,6,8,9,5,5,5,5,7,9,6,7,6,4,5,4,3,6,,2,7,7,9,8,8,
10139,6,28,Latino/Hispanic American,male,6.25,20.83,16.67,16.67,18.75,20.83,MBA,4,4,10,10,3,9,5,5,7,5,7,3,8,9,10,8,9,6,6,4,,2,7,9,8,8,6,
10140,7,24,European/Caucasian-American,female,19.05,14.29,21.43,21.43,9.52,14.29,political science,1,4,5,6,6,6,5,5,6,14,7,6,6,6,6,6,8,6,6,7,,,9,9,9,10,7,
10141,7,33,European/Caucasian-American,female,16.67,8.33,14.58,20.83,18.75,20.83,Law,6,2,4,5,6,8,9,9,6,4,8,9,5,7,7,7,7,6,4,6,,3,7,10,7,8,7,
10142,7,23,European/Caucasian-American,female,18,16,18,16,16,16,Nutrition/Genetics,5,2,10,7,9,6,6,6,4,3,7,7,5,4,7,9,8,7,4,5,,,7,8,8,9,9,
10143,7,24,European/Caucasian-American,female,11.36,11.36,18.18,22.73,18.18,18.18,Neuroscience,9,7,2,1,2,9,9,5,2,2,1,8,10,10,10,5,8,9,2,5,,2,5,5,7,9,7,
10144,7,36,European/Caucasian-American,female,13.64,18.18,18.18,18.18,13.64,18.18,Comparative Literature,1,7,5,2,5,5,8,8,3,1,3,10,8,8,8,5,8,8,3,5,,,8,8,8,8,8,
10145,7,26,Asian/Pacific Islander/Asian-American,female,16,18,18,20,10,18,Business,3,3,8,7,8,9,9,9,5,2,8,10,8,9,8,6,6,7,10,5,,7,8,7,8,9,7,
10146,7,27,Asian/Pacific Islander/Asian-American,female,18.87,15.09,18.87,16.98,13.21,16.98,Business,7,4,7,4,6,9,9,9,5,2,1,10,10,9,9,5,7,9,7,5,,,8,9,9,9,8,
10147,7,28,European/Caucasian-American,female,19.15,8.51,19.15,19.15,14.89,19.15,International Relations,3,3,8,4,5,8,8,8,8,3,6,6,6,5,8,7,10,9,8,4,,5,8,8,8,8,8,
10148,7,31,European/Caucasian-American,female,14,12,20,20,14,20,History of Religion,3,3,5,1,3,5,3,3,9,1,5,7,1,1,7,5,4,2,10,5,,1,7,9,8,9,8,
10149,7,28,European/Caucasian-American,female,16.36,14.55,18.18,18.18,16.36,16.36,international affairs - economic development,1,2,5,1,8,10,9,8,8,4,1,8,1,9,8,9,10,7,7,3,,1,9,10,10,10,8,
10150,7,27,Asian/Pacific Islander/Asian-American,female,18,14,14,20,14,20,Political Science,2,3,4,1,4,8,9,8,5,5,7,10,5,9,10,9,9,7,1,5,,1,7,9,8,10,8,
10151,7,28,Asian/Pacific Islander/Asian-American,female,19.51,9.76,14.63,19.51,17.07,19.51,Modern Chinese Literature,1,1,8,5,7,7,7,6,6,5,7,10,6,7,9,7,7,8,5,6,,4,7,7,6,7,6,
10152,7,27,European/Caucasian-American,female,17.31,15.38,17.31,17.31,15.38,17.31,MBA,8,3,10,7,8,8,6,6,6,1,6,8,7,7,8,6,6,3,2,7,,,8,9,9,9,9,
10153,7,27,European/Caucasian-American,female,16.98,15.09,16.98,18.87,13.21,18.87,business,5,1,2,1,10,10,7,8,5,1,1,10,4,10,9,5,7,7,4,3,,0,7,10,6,8,9,
10154,7,30,Black/African American,female,18,14,18,16,16,18,Business,1,1,3,7,10,10,10,10,8,7,9,10,10,10,10,10,10,7,8,6,,5,8,10,10,9,10,
10155,7,28,Asian/Pacific Islander/Asian-American,female,18.37,14.29,18.37,16.33,16.33,16.33,Business, marketing,5,3,8,7,8,8,6,6,9,2,9,7,4,6,7,5,6,6,3,4,,2,7,8,9,8,9
10156,7,23,European/Caucasian-American,male,9.52,19.05,19.05,19.05,14.29,19.05,physics [astrophysics],3,4,2,4,4,6,7,4,7,7,6,8,6,5,8,4,9,5,1,7,,4,7,9,7,9,6,
10157,7,28,European/Caucasian-American,male,11.36,15.91,20.45,20.45,11.36,20.45,Physics,7,2,7,7,6,9,9,8,6,4,5,8,7,7,9,8,9,7,2,6,,3,5,9,8,9,7,
10158,7,29,Black/African American,male,14,16,18,18,16,18,Business/ Finance/ Real Estate,3,4,9,8,10,6,6,4,3,4,8,6,3,7,9,6,9,3,2,6,,4,8,8,9,8,9,
10159,7,22,European/Caucasian-American,male,18.75,16.67,18.75,18.75,8.33,18.75,Biochemistry,6,2,9,9,9,8,7,6,7,7,9,9,8,6,8,6,9,6,2,7,,,8,7,9,9,7,
10160,7,27,Asian/Pacific Islander/Asian-American,male,13.04,15.22,17.39,19.57,19.57,15.22,Biochemistry,1,1,3,3,3,8,7,7,6,2,8,5,4,3,9,10,10,7,3,4,,2,7,8,7,9,8,
10161,7,26,European/Caucasian-American,male,16,12,20,20,12,20,Art Education,1,1,6,2,2,4,8,8,4,1,1,8,1,6,6,4,6,2,1,2,,3,7,8,8,9,7,
10162,7,27,European/Caucasian-American,male,2.56,20.51,17.95,20.51,15.38,23.08,Philosophy,1,1,7,5,5,6,7,7,7,1,3,7,2,5,6,4,6,2,2,5,,3,7,9,6,9,4,
10163,7,30,European/Caucasian-American,male,12.5,16.67,18.75,20.83,18.75,12.5,American Studies [Masters],4,7,3,1,6,6,7,7,2,1,1,10,8,8,8,5,5,2,2,6,,3,8,6,7,9,2,
10164,7,26,Other,male,2.78,27.78,27.78,19.44,2.78,19.44,Business,1,9,5,5,9,4,4,2,5,1,3,9,1,5,8,7,10,1,7,6,,1,7,7,7,7,7,
10165,7,23,European/Caucasian-American,male,16.28,18.6,16.28,18.6,16.28,13.95,biology,1,1,9,9,8,6,8,8,9,2,5,6,5,6,8,6,7,3,2,3,,4,6,7,7,7,5,
10166,7,23,Asian/Pacific Islander/Asian-American,male,17.78,11.11,17.78,17.78,17.78,17.78,Cell Biology,1,1,5,5,3,5,5,5,5,3,3,5,3,5,5,5,3,3,3,5,,5,5,5,5,5,5,
10167,7,28,European/Caucasian-American,male,15.56,17.78,15.56,17.78,13.33,20,Microbiology,2,3,10,7,8,9,9,7,7,1,6,4,2,7,6,8,8,4,4,6,,,7,9,7,8,7,
10168,7,28,Asian/Pacific Islander/Asian-American,male,13.95,16.28,18.6,18.6,11.63,20.93,Biochemistry,2,1,2,1,8,8,8,8,5,3,1,9,8,7,8,6,8,4,5,6,,,7,8,6,9,8,
10169,7,29,European/Caucasian-American,male,19.57,19.57,19.57,19.57,10.87,10.87,Finance,1,1,8,2,8,8,5,5,5,2,8,9,6,6,9,4,9,7,1,8,,,10,10,10,10,10,
10170,7,27,European/Caucasian-American,male,15.56,17.78,20,22.22,6.67,17.78,Business,5,7,7,8,7,8,4,5,5,6,8,7,4,6,8,8,7,6,3,5,,,5,6,9,8,9,
10171,7,22,European/Caucasian-American,male,16.33,18.37,20.41,20.41,6.12,18.37,math,5,7,10,8,9,6,5,6,7,4,8,7,4,5,6,9,10,3,6,3,,5,7,9,9,9,9,
10172,8,29,Asian/Pacific Islander/Asian-American,female,16.67,9.52,16.67,16.67,16.67,23.81,International Affairs/Finance,1,1,5,4,6,6,8,8,4,4,6,8,4,6,5,9,9,6,5,5,,4,9,10,8,8,6,
10173,8,23,Other,female,20.41,12.24,14.29,16.33,16.33,20.41,International Affairs,5,8,8,2,6,8,7,7,3,3,6,6,5,6,5,6,9,5,3,7,,,7,10,8,8,9,
10174,8,28,Asian/Pacific Islander/Asian-American,female,15.22,13.04,17.39,19.57,13.04,21.74,MBA,10,1,7,6,5,10,10,9,7,4,4,5,5,8,8,8,8,6,3,7,,4,6,9,7,8,6,
10175,8,22,European/Caucasian-American,female,18.87,15.09,16.98,16.98,15.09,16.98,international affairs/international finance,8,3,5,9,6,8,6,4,2,3,7,9,7,6,7,3,4,5,1,6,,2,9,9,8,9,9,
10176,8,35,Asian/Pacific Islander/Asian-American,female,15.22,15.22,17.39,17.39,17.39,17.39,Health policy,5,5,3,4,7,9,8,8,8,2,9,8,8,8,8,8,9,6,8,5,,4,9,9,7,8,7,
10177,8,30,Latino/Hispanic American,female,12.77,19.15,17.02,17.02,12.77,21.28,English and Comp Lit,5,1,5,5,10,10,7,7,5,1,7,10,1,8,8,7,9,10,9,2,,1,8,10,6,8,10,
10178,8,24,Asian/Pacific Islander/Asian-American,female,13.46,15.38,19.23,17.31,17.31,17.31,international finance and business,2,2,7,7,5,9,5,5,8,5,9,6,7,9,9,7,8,9,7,6,,,9,9,10,9,9,
10179,8,22,Black/African American,female,17.31,15.38,17.31,19.23,11.54,19.23,Sociomedical Sciences- School of Public Health,7,8,3,6,5,9,9,9,6,3,9,9,9,9,9,9,9,9,6,4,,2,9,9,9,9,9,
10180,8,22,Black/African American,female,17.86,16.07,17.86,17.86,12.5,17.86,Epidemiology,7,5,5,6,2,8,3,2,1,4,1,7,8,2,6,4,10,8,1,6,,2,8,8,8,8,10,
10181,8,24,European/Caucasian-American,female,10,20,22.5,17.5,7.5,22.5,Social work,1,1,9,6,8,9,8,8,9,9,9,7,8,8,9,9,10,8,1,5,,5,9,7,9,9,7,
10182,8,34,European/Caucasian-American,male,16.67,16.67,16.67,16.67,16.67,16.67,International Business,1,1,5,2,4,8,8,7,8,3,8,8,3,9,8,5,6,2,8,9,,2,6,10,7,9,5,
10183,8,25,Asian/Pacific Islander/Asian-American,male,18.87,16.98,16.98,16.98,15.09,15.09,Statistics,3,4,8,7,8,8,8,9,6,7,8,9,9,9,9,8,9,9,9,6,,8,10,10,7,8,8,
10184,8,24,Asian/Pacific Islander/Asian-American,male,11.11,19.44,16.67,22.22,11.11,19.44,Medical Informatics,4,3,5,1,4,9,5,3,6,1,1,6,7,4,7,8,8,6,3,7,,2,4,8,4,7,6,
10185,8,26,European/Caucasian-American,male,13.21,16.98,16.98,18.87,16.98,16.98,International Finance, Economic Policy,10,5,3,5,10,5,10,10,1,2,1,10,5,8,8,10,10,1,1,6,,,8,9,7,10,7
10186,8,21,European/Caucasian-American,male,20,15.56,15.56,22.22,15.56,11.11,electrical engineering,1,1,2,1,5,10,8,8,5,7,5,7,3,5,5,5,7,7,3,6,,0,7,5,7,10,10,
10187,8,27,Other,male,16.98,16.98,16.98,16.98,15.09,16.98,Law and Social Work,6,1,8,7,8,5,7,7,7,7,7,9,5,7,9,7,8,4,7,5,,0,8,8,8,8,9,
10188,8,25,European/Caucasian-American,male,13.33,15.56,20,20,11.11,20,International Development,1,1,7,7,8,3,2,2,6,5,9,8,2,4,7,9,10,3,1,8,,5,7,7,7,7,7,
10189,8,28,European/Caucasian-American,male,18.18,20.45,18.18,20.45,2.27,20.45,Business,6,1,8,1,7,8,6,6,6,1,8,7,3,4,8,4,7,1,7,4,,4,7,7,6,7,8,
10190,8,24,European/Caucasian-American,male,15.22,19.57,17.39,15.22,13.04,19.57,Business/Law,2,7,7,5,7,7,3,2,6,8,7,9,6,3,6,7,8,4,5,4,,2,7,10,9,9,10,
10191,8,25,Asian/Pacific Islander/Asian-American,male,11.63,20.93,16.28,23.26,11.63,16.28,law,2,2,8,10,7,9,9,8,1,1,4,10,10,10,10,9,9,9,5,4,,2,7,9,5,10,7,
10192,9,24,European/Caucasian-American,female,18,16,16,20,14,16,Clinical Psychology,9,9,8,6,6,9,6,6,4,8,7,9,9,6,9,5,7,9,4,7,,1,9,10,8,10,10,
10193,9,27,European/Caucasian-American,female,13.46,15.38,19.23,19.23,13.46,19.23,microbiology,3,9,7,6,9,8,5,5,9,9,8,10,1,3,4,3,6,5,1,8,,6,9,8,10,10,8,
10194,9,25,Asian/Pacific Islander/Asian-American,female,15.69,17.65,15.69,17.65,15.69,17.65,Religion, GSAS,1,6,3,3,6,7,7,7,8,6,8,6,8,9,9,9,9,7,9,6,,,9,9,9,9,9
10195,9,24,Other,female,16,14,18,20,14,18,International Affairs and Public Health,2,1,6,1,4,10,8,8,4,7,5,9,6,5,10,8,10,7,3,3,,7,7,8,9,9,7,
10196,9,23,Asian/Pacific Islander/Asian-American,female,9.62,15.38,19.23,17.31,19.23,19.23,International affairs,8,5,6,8,6,9,8,8,9,5,7,4,9,9,9,9,9,10,4,6,,0,7,9,7,9,7,
10197,9,30,European/Caucasian-American,female,20,17.5,12.5,20,12.5,17.5,History,2,1,8,3,10,10,10,10,1,1,7,10,4,7,8,3,5,7,1,4,,,9,7,7,9,9,
10198,9,25,European/Caucasian-American,female,16.98,13.21,16.98,18.87,15.09,18.87,Business and International Affairs [MBA/MIA Dual Degree],1,1,10,3,9,8,7,7,10,3,6,8,1,8,8,9,10,3,4,5,,,8,10,8,8,8,
10199,9,25,European/Caucasian-American,female,17.31,15.38,17.31,17.31,15.38,17.31,QMSS,8,8,8,8,8,8,7,7,7,8,7,7,7,7,7,7,7,7,6,2,,1,7,8,9,9,8,
10200,9,22,European/Caucasian-American,female,15.38,15.38,19.23,19.23,11.54,19.23,Mathematics,8,5,8,8,9,7,6,4,4,1,6,8,7,7,9,6,7,7,1,3,,3,7,10,9,10,8,
10201,9,22,European/Caucasian-American,female,18,16,20,18,8,20,Mathematics,4,10,3,1,8,6,4,2,2,1,6,7,10,6,8,3,7,9,2,3,,,9,8,9,10,7,
10202,9,26,European/Caucasian-American,female,17.65,19.61,15.69,17.65,13.73,15.69,business,8,6,10,5,9,9,10,10,3,1,9,8,4,5,5,3,8,10,7,4,,2,9,5,9,10,10,
10203,9,23,European/Caucasian-American,female,11.54,15.38,19.23,19.23,17.31,17.31,climate change,5,5,8,2,6,8,6,6,7,2,6,9,3,3,8,5,6,3,5,5,,,7,8,9,10,5,
10204,9,31,Black/African American,female,16.67,14.58,18.75,20.83,12.5,16.67,Public Administration,2,2,5,5,5,9,7,7,7,7,9,9,5,7,7,7,9,5,7,6,,4,8,8,8,8,8,
10205,9,23,European/Caucasian-American,female,19.23,17.31,19.23,17.31,13.46,13.46,MA Biotechnology,9,5,10,8,8,7,5,5,2,3,4,3,7,7,6,5,7,9,6,6,,,8,8,10,8,9,
10206,9,25,Black/African American,female,19.23,11.54,19.23,19.23,17.31,13.46,MA Biotechnology,2,1,9,7,7,9,10,10,10,5,8,8,5,7,9,10,10,9,8,5,,,9,10,10,10,10,
10207,9,28,Black/African American,female,15.22,13.04,17.39,17.39,15.22,21.74,International Affairs/Business,7,3,3,2,6,8,5,5,6,8,8,3,6,7,8,7,10,3,3,7,,0,7,9,8,7,8,
10208,9,29,European/Caucasian-American,female,11.11,20,15.56,20,17.78,15.56,Ecology,10,4,9,3,9,8,9,9,9,1,2,9,5,7,7,7,7,5,1,5,,1,8,8,6,9,9,
10209,9,28,European/Caucasian-American,female,16.36,16.36,18.18,18.18,14.55,16.36,International Affairs,9,1,9,8,9,10,9,9,5,8,1,9,9,10,10,9,7,10,7,5,,2,7,9,9,9,9,
10210,9,27,Latino/Hispanic American,female,18.37,14.29,16.33,18.37,14.29,18.37,Master in Public Administration,3,6,8,5,8,8,8,8,8,6,9,8,8,8,8,6,7,8,3,5,,7,7,9,7,8,9,
10211,9,25,Latino/Hispanic American,female,17.24,15.52,17.24,17.24,15.52,17.24,International Affairs,9,10,8,7,9,8,8,7,6,7,7,8,7,10,10,8,9,8,5,7,,,8,10,9,9,9,
10212,9,23,European/Caucasian-American,male,14.89,17.02,21.28,17.02,8.51,21.28,Computational Biochemsistry,6,8,9,3,10,8,6,7,7,4,7,3,1,9,6,4,6,7,1,6,,,8,10,10,9,8,
10213,9,26,Asian/Pacific Islander/Asian-American,male,14.89,14.89,19.15,21.28,10.64,19.15,MBA,3,1,8,6,9,9,6,4,2,7,6,9,5,2,9,2,7,9,2,7,,,7,8,9,9,9,
10214,9,27,European/Caucasian-American,male,12.5,7.5,22.5,20,20,17.5,MBA,7,1,2,1,2,7,7,5,3,5,1,13,6,6,7,6,5,2,1,6,,,5,10,9,9,10,
10215,9,26,European/Caucasian-American,male,6.38,21.28,12.77,21.28,21.28,17.02,Neurobiology,8,1,1,2,8,7,8,8,10,1,2,10,4,8,6,10,10,1,7,3,,,7,10,7,10,10,
10216,9,24,European/Caucasian-American,male,17.95,20.51,12.82,23.08,20.51,5.13,Physics,9,5,9,3,5,7,9,10,7,3,7,5,1,5,7,8,8,6,1,3,,,7,6,3,10,10,
10217,9,26,European/Caucasian-American,male,16.28,16.28,16.28,18.6,16.28,16.28,Business,1,1,8,2,7,7,7,8,3,3,6,7,2,6,7,7,10,3,10,7,,,7,7,6,9,6,
10218,9,25,Other,male,14.81,16.67,16.67,16.67,18.52,16.67,International Affairs,1,1,9,9,5,10,9,10,10,6,8,10,2,5,5,5,9,5,5,10,,18,10,10,10,10,10,
10219,9,27,Asian/Pacific Islander/Asian-American,male,17.78,15.56,17.78,17.78,13.33,17.78,Business [MBA],6,1,5,6,3,7,6,3,4,3,7,8,7,8,8,4,4,4,1,6,,,7,9,7,9,9,
10220,9,27,European/Caucasian-American,male,4.76,9.52,19.05,23.81,23.81,19.05,Mathematics, PhD,8,3,5,1,6,8,10,9,6,4,7,9,1,9,9,10,8,3,1,3,,,4,9,7,9,4
10221,9,28,European/Caucasian-American,male,10.87,17.39,19.57,19.57,15.22,17.39,History [GSAS - PhD],6,6,8,7,6,6,8,7,6,7,8,9,6,5,10,6,7,5,2,7,,,7,8,7,9,6,
10222,9,32,European/Caucasian-American,male,13.79,17.24,17.24,17.24,17.24,17.24,Psychology,1,3,6,4,4,7,5,5,5,6,8,10,1,8,9,2,4,1,8,5,,,8,10,8,8,8,
10223,9,28,Latino/Hispanic American,male,20.59,14.71,14.71,14.71,20.59,14.71,MBA,4,9,10,8,3,8,8,8,7,3,9,8,8,9,7,9,9,2,6,4,,,5,9,7,6,7,
10224,9,23,European/Caucasian-American,male,10.26,25.64,20.51,15.38,10.26,17.95,International Business,1,3,10,7,8,6,7,7,3,2,8,4,5,6,7,4,9,2,4,3,,4,10,10,10,10,10,
10225,9,26,European/Caucasian-American,male,16,20,16,18,14,16,Finance,7,7,7,7,7,10,9,7,2,6,5,10,8,8,9,5,7,5,1,5,,,7,10,8,10,10,
10226,9,24,Asian/Pacific Islander/Asian-American,male,13.51,13.51,13.51,21.62,18.92,18.92,Physics,1,4,3,1,2,8,4,5,8,4,6,9,2,4,7,8,9,2,8,7,,3,5,8,4,7,8,
10227,9,28,European/Caucasian-American,male,11.9,21.43,16.67,21.43,11.9,16.67,biomedicine,7,1,8,5,7,7,1,1,5,3,3,8,5,1,5,2,6,1,1,3,,6,8,7,5,10,10,
10228,9,42,European/Caucasian-American,male,2.38,23.81,23.81,23.81,2.38,23.81,International Affairs,5,1,1,1,2,1,10,10,10,1,1,10,10,10,10,5,10,10,6,5,,1,6,6,6,6,6,
10229,9,30,Latino/Hispanic American,male,2.33,18.6,23.26,23.26,11.63,20.93,International Affairs,1,1,5,2,7,9,9,6,8,1,9,9,1,8,9,9,10,1,7,5,,,8,8,8,9,3,
10230,9,31,European/Caucasian-American,male,13.33,17.78,17.78,17.78,15.56,17.78,International Affairs,4,7,5,5,9,8,7,8,9,3,8,7,4,6,8,7,7,3,5,4,,,8,8,8,8,6,
10231,9,29,Asian/Pacific Islander/Asian-American,male,14,14,16,18,18,20,Master of International Affairs,1,1,10,9,8,10,8,8,7,9,8,5,10,8,10,10,10,8,6,7,,5,7,8,8,7,8,
10232,10,22,Other,female,10,20,10,20,20,20,Sociology and Education,1,5,5,3,10,10,9,5,2,1,4,9,5,6,5,5,9,7,4,5,,1,7,7,8,8,10,
10233,10,23,European/Caucasian-American,female,20,15,20,20,10,15,elementary education,3,1,1,3,3,10,9,10,2,1,7,7,1,9,9,6,10,10,7,5,,1,6,9,9,8,9,
10234,10,24,Asian/Pacific Islander/Asian-American,female,15,15,20,15,15,20,Biology,3,3,9,6,3,7,9,9,7,1,8,7,5,4,7,4,10,4,2,7,,4,7,9,10,8,8,
10235,10,34,European/Caucasian-American,female,20,10,20,20,10,20,American Studies,10,1,1,1,10,7,8,9,9,1,1,10,6,8,6,2,9,2,10,4,,0,8,10,7,8,8,
10236,10,27,European/Caucasian-American,female,15,15,15,20,15,20,Arts Administration,3,5,8,5,8,8,10,10,8,2,8,7,5,9,9,10,10,7,6,5,,2,10,9,10,9,8,
10237,10,34,European/Caucasian-American,female,5,10,20,20,20,25,Conservation biology,6,6,3,3,5,8,8,7,8,1,6,9,6,8,8,6,7,1,8,7,,1,7,9,7,9,4,
10238,10,26,Asian/Pacific Islander/Asian-American,female,10,10,10,30,10,30,MBA,1,1,10,10,9,10,10,8,9,14,9,10,10,10,10,10,10,10,3,2,,1,3,8,5,3,6,
10239,10,29,Asian/Pacific Islander/Asian-American,female,2,90,2,2,2,2,Business,1,1,8,1,5,7,7,7,4,1,3,4,1,3,4,6,7,6,3,2,,2,8,10,8,8,8,
10240,10,26,Latino/Hispanic American,female,5,20,20,25,10,20,sociology,3,3,6,5,5,8,10,10,9,4,9,10,1,9,10,10,10,1,8,6,,3,7,9,7,8,4,
10241,10,27,European/Caucasian-American,male,5,20,25,20,10,20,Japanese Literature,2,3,7,2,7,9,5,8,5,7,3,9,5,5,9,8,8,6,2,6,,3,7,9,8,9,5,
10242,10,28,European/Caucasian-American,male,10,20,10,20,20,20,MBA,8,9,5,2,10,8,6,4,9,1,3,13,9,8,9,3,4,3,1,5,,1,7,10,7,10,10,
10243,10,32,European/Caucasian-American,male,10,18,10,30,22,10,Philosophy,1,6,3,1,2,6,7,8,4,8,6,9,2,7,8,6,6,1,6,2,,2,5,7,6,8,7,
10244,10,25,European/Caucasian-American,male,10,35,20,10,5,20,biotechnology,7,1,6,5,5,7,5,5,3,2,6,8,8,9,9,8,9,5,2,3,,5,7,8,6,7,6,
10245,10,25,Asian/Pacific Islander/Asian-American,male,0,20,15,10,25,30,Earth and Environmental Science,1,1,5,4,7,1,3,2,9,4,2,5,3,3,3,3,3,2,6,6,,5,5,10,2,8,4,
10246,10,27,Other,male,15,25,20,20,5,15,Business,1,1,7,1,8,7,5,1,8,6,8,6,3,7,7,4,7,6,1,6,,2,5,6,8,8,8,
10247,10,33,Other,male,5,22,15,15,21,22,Finance,2,7,7,9,1,10,8,6,1,1,6,10,7,3,8,8,5,4,1,5,,4,7,9,7,10,7,
10248,10,25,Other,male,10,20,20,20,10,20,Classics,1,1,7,2,8,10,10,10,6,1,2,10,1,9,9,10,10,6,5,7,,5,10,9,9,10,10,
10249,10,33,Other,male,19,19,19,19,5,19,Philosophy [Ph.D.],2,2,7,6,1,6,8,8,5,8,4,9,7,6,9,6,8,2,3,5,,1,8,10,9,10,9,
10250,11,28,Latino/Hispanic American,female,25,0,25,25,0,25,Political Science,1,1,4,3,3,8,7,6,7,4,9,9,2,9,9,9,9,9,2,10,,2,9,9,9,9,10,
10251,11,33,Asian/Pacific Islander/Asian-American,female,5,25,10,10,20,30,sociology,1,1,5,3,5,8,10,10,6,1,6,10,7,7,10,7,7,7,3,7,,8,8,10,9,8,7,
10252,11,22,European/Caucasian-American,female,8,25,25,25,10,7,Philosophy and Physics,8,3,8,2,6,10,9,9,8,1,7,9,8,9,9,7,7,7,8,6,,2,8,7,8,10,8,
10253,11,26,Asian/Pacific Islander/Asian-American,female,16.67,16.67,16.67,16.67,16.67,16.67,nutrition,3,1,6,8,9,6,6,6,4,2,5,6,4,7,7,8,8,9,1,6,,0,6,8,6,7,6,
10254,11,24,Asian/Pacific Islander/Asian-American,female,10,15,20,20,10,25,Medicine,6,5,5,3,6,7,6,5,6,5,5,5,8,6,8,8,8,9,3,6,,2,6,9,6,8,6,
10255,11,24,European/Caucasian-American,female,14,22,10,30,10,14,Art Education,5,6,7,1,6,9,10,10,10,3,4,10,2,5,10,10,10,4,10,3,,0,7,9,7,9,10,
10256,11,25,Other,female,5,7,20,20,13,35,MA Science Education,1,10,9,6,7,7,8,3,10,4,1,10,3,8,5,2,6,6,2,6,,5,6,10,8,9,5,
10257,11,25,European/Caucasian-American,female,17,15,19,19,12,18,Genetics,2,2,8,3,7,8,7,7,4,2,7,8,6,7,7,5,7,5,6,5,,2,7,9,8,8,9,
10258,11,27,Asian/Pacific Islander/Asian-American,female,13,19,14,19,15,20,Genetics,4,4,9,6,7,9,5,5,6,2,3,9,6,7,7,9,9,5,3,6,,4,6,9,7,9,6,
10259,11,26,Asian/Pacific Islander/Asian-American,female,15,15,20,20,10,20,biology,1,4,6,4,3,9,9,8,3,5,8,9,2,9,9,9,9,4,6,3,,4,5,8,7,7,8,
10260,11,29,European/Caucasian-American,female,0,10,20,20,10,40,Psychology,1,10,9,9,8,7,7,3,7,1,3,10,4,1,7,5,8,1,1,1,,1,6,10,5,9,3,
10261,11,26,Black/African American,female,20,20,10,20,10,20,Psychology,9,10,1,1,1,5,7,7,7,1,3,9,4,7,7,7,8,9,6,1,,2,8,8,8,8,5,
10262,11,26,European/Caucasian-American,female,5,15,20,25,20,15,English,1,3,7,1,7,5,7,8,6,1,5,9,7,4,8,2,6,2,1,3,,2,8,7,8,9,5,
10263,11,32,European/Caucasian-American,female,15,15,10,45,10,5,Law and English Literature [J.D./Ph.D.],3,3,2,9,8,8,7,8,2,1,2,10,6,7,10,8,9,2,1,3,,0,7,9,7,10,10,
10264,11,28,European/Caucasian-American,female,0,25,25,20,10,20,french,2,2,5,4,5,4,7,8,8,1,6,5,1,4,10,6,7,2,6,4,,4,8,8,7,7,4,
10265,11,26,Asian/Pacific Islander/Asian-American,female,10,20,15,10,15,30,Nutritiron,2,2,4,8,5,9,7,6,4,7,8,3,9,5,9,4,9,10,2,4,,0,7,6,5,7,7,
10266,11,24,Latino/Hispanic American,female,15,30,10,20,5,20,GS Postbacc PreMed,1,1,8,6,6,5,4,3,6,5,5,8,4,5,5,4,4,4,4,5,,5,9,9,8,9,9,
10267,11,24,European/Caucasian-American,female,15,20,15,30,10,10,Art History,4,5,4,1,8,8,8,10,7,3,1,10,3,6,6,6,9,4,2,6,,1,8,8,6,8,7,
10268,11,23,Asian/Pacific Islander/Asian-American,female,14,16,17,19,18,16,Biology,2,4,8,4,6,9,8,7,8,4,6,9,2,7,5,6,7,6,4,5,,6,5,4,7,8,6,
10269,11,23,European/Caucasian-American,female,10,10,15,40,10,15,Social Work,10,9,8,7,10,9,10,10,5,5,6,7,7,9,9,9,8,9,5,8,,2,9,10,10,9,10,
10270,11,25,European/Caucasian-American,female,5,25,25,25,0,20,Social Work,10,10,6,7,10,10,9,8,7,6,8,9,9,9,9,9,10,9,8,8,,2,9,10,10,9,10,
10271,11,29,European/Caucasian-American,male,4,30,18,18,5,25,chemistry,8,4,6,1,5,7,7,4,8,1,3,2,5,7,8,8,8,3,2,5,,2,7,10,5,7,7,
10272,11,24,Latino/Hispanic American,male,10,30,20,20,10,10,Sociology,3,3,3,3,4,7,6,5,4,5,1,10,7,6,8,9,10,8,7,6,,4,7,7,10,9,9,
10273,11,21,European/Caucasian-American,male,10,25,5,25,25,10,Operations Research,1,1,9,1,10,6,7,7,4,6,5,10,1,9,7,7,9,5,9,6,,8,10,7,6,10,10,
10274,11,26,European/Caucasian-American,male,8,24,14,28,10,16,Molecular Biology,7,3,6,2,8,9,8,9,2,3,6,9,1,4,7,6,7,2,2,4,,9,7,6,7,10,8,
10275,11,25,European/Caucasian-American,male,0,60,20,0,0,20,Genetics & Development,1,1,10,6,10,5,8,8,10,5,3,8,2,7,8,6,6,1,2,5,,2,4,8,8,8,5,
10276,11,32,European/Caucasian-American,male,10,25,25,20,5,15,medical informatics,1,1,8,1,5,9,9,9,9,5,8,9,5,7,9,9,9,5,1,8,,3,8,8,8,8,8,
10277,11,25,European/Caucasian-American,male,10,27,10,28,10,15,Biology,7,1,7,1,6,5,2,3,5,3,4,9,6,3,8,1,2,1,1,7,,4,8,9,6,10,7,
10278,11,25,European/Caucasian-American,male,5,25,15,30,5,20,Biology,2,1,8,1,5,5,6,5,5,4,2,10,2,7,10,7,8,2,2,5,,1,5,9,5,8,6,
10279,11,27,European/Caucasian-American,male,5,20,15,20,20,20,Sociology,2,5,4,4,2,4,7,5,8,1,2,6,2,6,8,7,5,3,9,2,,3,7,8,6,8,5,
10280,11,23,Black/African American,male,10,25,20,20,10,15,Electrical Engineering,1,1,10,10,10,5,4,4,4,7,8,9,5,7,7,7,10,5,1,5,,10,7,9,9,7,10,
10281,11,27,Asian/Pacific Islander/Asian-American,male,10,50,10,10,10,10,Electrical Engg.,1,1,9,6,6,6,4,4,8,6,6,8,1,5,3,3,7,2,7,5,,1,9,9,9,9,9,
10282,11,27,European/Caucasian-American,male,10,25,20,25,0,20,Business School,1,5,9,2,5,7,7,9,8,1,5,9,5,5,9,8,9,8,5,7,,2,7,6,7,8,7,
10283,11,24,Other,male,5,20,25,25,5,20,engineering,1,1,5,7,6,10,9,10,9,14,5,9,7,3,10,10,10,10,10,10,,5,8,10,10,10,8,
10284,11,22,European/Caucasian-American,male,15,10,15,25,20,15,Mathematics,4,7,7,3,4,3,8,7,9,9,4,8,6,8,7,8,6,3,8,7,,3,3,6,6,7,7,
10285,11,22,Asian/Pacific Islander/Asian-American,male,7,35,5,5,8,40,International Politics,1,1,2,1,5,7,2,2,9,6,4,10,8,8,10,8,8,8,8,8,,9,7,10,5,7,10,
10286,11,27,European/Caucasian-American,male,10,20,25,15,10,20,Sociology,3,5,9,5,3,8,5,5,6,4,4,9,2,6,7,5,7,2,2,5,,1,5,8,7,8,7,
10287,11,28,Asian/Pacific Islander/Asian-American,male,0,20,20,10,20,30,MBA / Master of International Affairs [SIPA],1,2,10,6,1,7,3,6,10,5,3,10,6,5,7,6,8,2,1,7,,2,4,9,10,8,8,
10288,11,34,European/Caucasian-American,male,5,30,10,30,15,10,genetics,2,6,7,1,8,7,7,4,3,2,1,10,1,3,5,9,10,2,5,5,,2,5,4,5,10,9,
10289,11,27,Asian/Pacific Islander/Asian-American,male,12,20,15,15,18,20,medicine and biochemistry,5,5,9,7,7,7,7,7,5,6,5,7,5,6,7,5,8,5,5,6,,5,6,9,7,9,9,
10290,11,28,Black/African American,male,10,20,17,20,15,18,International Affairs,7,1,10,5,8,8,7,5,10,7,9,7,4,7,9,5,10,1,1,6,,6,8,10,8,10,10,
10291,11,28,Latino/Hispanic American,male,10,23,18,21,10,18,Business [MBA],3,7,6,9,7,10,8,7,6,6,8,9,6,9,9,8,8,6,4,6,,3,7,10,9,9,9,
10292,12,30,Asian/Pacific Islander/Asian-American,female,10,20,5,35,10,20,Social Studies Education,1,1,7,8,4,9,10,10,1,1,7,10,3,10,9,7,8,8,5,6,,1,9,10,7,9,7,
10293,12,30,European/Caucasian-American,female,16,10,16,20,20,18,MA Teaching Social Studies,5,7,7,8,8,5,7,5,3,1,2,10,7,10,10,8,8,5,8,6,,2,7,10,8,8,8,
10294,12,28,European/Caucasian-American,female,5,15,15,35,10,20,Education Policy,10,10,4,5,2,8,8,7,6,5,9,9,9,8,7,8,10,9,7,3,,4,8,9,6,10,9,
10295,12,21,European/Caucasian-American,female,10,25,15,15,10,25,Education- Literacy Specialist,9,8,5,2,8,8,10,10,3,3,5,10,8,10,10,8,8,8,6,7,,9,8,10,9,8,9,
10296,12,22,European/Caucasian-American,female,15,10,10,20,15,30,English,7,1,3,1,3,5,10,10,3,1,4,10,5,10,10,10,10,9,7,1,,3,7,10,9,10,10,
10297,12,24,Asian/Pacific Islander/Asian-American,female,10,10,20,10,10,40,Social Work,1,1,7,1,7,8,9,8,9,4,9,9,6,7,9,7,9,5,4,5,,2,6,9,9,8,9,
10298,12,35,European/Caucasian-American,female,15,15,15,25,10,20,Anthropology/Education,1,1,8,2,8,9,10,10,7,2,5,8,2,10,8,8,10,4,2,9,,6,8,9,9,9,10,
10299,12,34,European/Caucasian-American,female,10,20,20,20,10,20,bilingual education,3,8,5,3,9,10,7,8,5,1,5,9,5,9,10,9,9,5,9,2,,4,9,9,8,9,8,
10300,12,21,European/Caucasian-American,female,5,50,10,20,10,5,speech pathology,8,7,10,10,9,7,5,6,6,6,8,5,7,7,7,9,9,6,6,8,,4,8,8,8,8,10,
10301,12,33,European/Caucasian-American,female,15,20,10,25,5,25,Education,2,1,7,1,9,9,9,7,7,1,1,10,2,9,9,8,9,5,1,6,,1,8,10,9,8,6,
10302,12,28,European/Caucasian-American,female,15,5,25,25,10,20,Speech Pathology,1,10,10,1,8,7,7,8,2,1,4,8,1,8,9,7,7,8,9,6,,1,6,10,10,8,8,
10303,12,29,Asian/Pacific Islander/Asian-American,female,3,10,12,16,12,47,math education,6,9,8,2,7,10,7,7,8,2,7,8,7,8,9,7,7,9,8,4,,5,7,9,8,9,5,
10304,12,22,Asian/Pacific Islander/Asian-American,female,18,16,16,19,11,20,TESOL,6,2,6,6,9,8,5,5,7,4,5,6,9,9,9,5,5,9,5,7,,2,6,9,8,8,8,
10305,12,27,Asian/Pacific Islander/Asian-American,female,20,10,15,20,15,20,Elementary Education,1,3,10,8,10,9,8,9,10,1,5,10,7,10,10,8,10,9,3,3,,2,5,8,7,8,8,
10306,12,27,Asian/Pacific Islander/Asian-American,male,11,17,17,18,18,19,Cognitive Studies in Education,7,3,7,7,7,8,8,8,8,7,3,7,9,8,9,7,8,7,7,7,,2,7,10,8,8,7,
10307,12,32,European/Caucasian-American,male,10,20,20,20,10,20,education,5,9,6,4,4,9,8,10,8,5,7,9,6,8,9,8,10,4,4,7,,5,7,8,9,9,7,
10308,12,25,European/Caucasian-American,male,8,24,20,20,13,15,Computer Science,7,8,2,2,3,7,6,6,3,8,5,9,8,7,9,5,6,5,3,6,,2,7,6,8,7,4,
10309,12,29,Asian/Pacific Islander/Asian-American,male,5,50,10,10,5,20,Finance/Economics,1,1,10,8,9,10,7,6,8,9,1,7,4,6,8,10,10,9,8,8,,4,9,9,10,9,3,
10310,12,23,European/Caucasian-American,male,5,25,15,30,20,5,Museum Anthropology,3,1,7,7,5,7,9,8,10,5,3,8,5,6,9,7,8,2,1,5,,2,8,7,7,9,9,
10311,12,27,European/Caucasian-American,male,10,19,18,18,22,13,Business,2,3,9,8,6,8,6,3,6,1,9,6,3,2,7,8,10,5,1,6,,2,7,8,8,8,6,
10312,12,32,Other,male,10,20,20,30,10,10,Political Science,3,1,9,2,7,8,6,4,2,2,2,6,7,3,7,6,8,8,8,6,,2,8,8,8,9,7,
10313,12,27,European/Caucasian-American,male,14.29,6.67,9.52,42.86,7.62,19.05,Environmental Engineering,1,4,8,2,2,8,8,8,8,2,8,7,1,8,9,7,7,2,2,5,,1,6,10,6,8,7,
10314,12,25,European/Caucasian-American,male,10,25,25,15,5,20,Business,3,3,9,3,5,7,6,6,6,4,6,9,5,4,4,7,9,4,1,5,,4,6,8,7,8,9,
10315,12,30,European/Caucasian-American,male,0,50,20,20,10,0,MBA,1,1,8,1,5,10,6,10,4,3,8,4,1,10,10,8,9,1,1,7,,5,7,3,8,8,5,
10316,12,29,Other,male,2,40,8,10,10,30,Business Administration,1,1,8,4,8,6,4,5,7,7,7,7,6,7,8,5,8,7,6,6,,0,6,10,6,10,10,
10317,12,26,European/Caucasian-American,male,5,20,10,20,20,25,Curriculum and Teaching/Giftedness,2,4,8,7,5,7,5,4,8,7,1,5,7,2,2,10,9,2,3,7,,2,5,10,6,9,3,
10318,12,36,European/Caucasian-American,male,16,20,16,16,16,16,History,6,8,4,1,9,9,8,4,6,3,1,10,1,5,7,2,5,2,1,6,,2,8,8,9,9,7,
10319,12,29,European/Caucasian-American,male,10,30,20,15,10,15,Business,3,3,7,4,4,8,5,5,4,2,7,5,2,6,8,6,7,2,1,6,,0,6,8,7,7,8,
10320,13,34,Asian/Pacific Islander/Asian-American,female,5,2,8,15,10,60,Anthropology,2,1,8,7,7,6,6,6,9,3,6,7,2,8,8,8,8,3,1,9,,2,5,9,8,7,7,
10321,13,25,Asian/Pacific Islander/Asian-American,female,10,10,20,20,20,20,Instructional Tech & Media,1,1,5,7,7,7,8,7,7,6,6,7,8,9,9,8,8,8,6,8,,2,7,9,6,8,3,
10322,13,23,European/Caucasian-American,female,10,40,20,15,5,10,School Psychology,8,3,8,8,6,10,8,8,9,6,9,7,8,10,8,10,10,7,7,5,,0,9,9,9,9,8,
10323,13,30,Latino/Hispanic American,female,10,10,10,20,30,20,School Psychology,2,4,5,7,9,9,9,9,7,7,7,9,7,9,9,9,9,4,6,6,,2,7,9,7,8,8,
10324,13,36,Black/African American,female,20,15,20,15,15,15,Instructional Media and Technology,5,5,2,2,3,8,8,8,2,2,6,9,6,10,8,10,10,10,8,8,,5,8,9,6,9,8,
10325,13,29,European/Caucasian-American,female,20,15,20,20,15,10,SIPA / MIA,2,7,1,1,5,10,8,7,7,1,6,10,1,9,8,9,9,1,5,5,,0,7,7,9,8,10,
10326,13,30,European/Caucasian-American,female,10,22,25,30,1,12,English Education,1,1,8,3,10,10,10,10,10,1,5,10,7,10,10,10,10,5,10,6,,2,7,10,8,10,10,
10327,13,29,European/Caucasian-American,female,15,15,16,22,10,22,art education,1,1,3,2,7,7,10,10,3,1,4,10,2,10,7,6,8,2,1,4,,1,8,9,5,8,8,
10328,13,22,Asian/Pacific Islander/Asian-American,female,10,15,20,15,15,25,MA in Quantitative Methods,3,3,8,7,7,8,5,5,2,2,9,5,7,2,8,4,9,5,2,7,,2,8,10,9,7,9,
10329,13,34,European/Caucasian-American,female,10,15,25,10,25,15,Early Childhood Education,1,1,4,7,4,6,7,7,10,2,1,9,3,7,7,9,9,4,10,4,,2,7,9,9,7,4,
10330,13,30,Asian/Pacific Islander/Asian-American,male,5,60,10,10,5,10,anthropology,1,1,7,2,8,5,10,10,7,3,7,9,5,8,10,5,9,7,1,7,,3,5,10,6,6,10,
10331,13,23,European/Caucasian-American,male,10,50,20,15,0,5,MBA,5,3,10,5,10,7,3,1,10,5,3,8,2,4,8,2,4,3,6,7,,2,7,4,7,9,9,
10332,13,29,Asian/Pacific Islander/Asian-American,male,10,40,10,15,15,10,MBA,1,1,9,4,9,9,8,8,5,6,8,5,5,6,6,3,5,8,5,5,,1,8,7,8,8,9,
10333,13,24,European/Caucasian-American,male,15,20,20,20,15,10,Psychology,1,8,9,1,9,4,7,7,4,1,4,8,6,5,4,3,8,5,7,6,,1,8,7,9,8,8,
10334,13,25,Latino/Hispanic American,male,15,20,10,30,10,15,Architecture,1,5,5,4,4,5,8,10,4,1,1,9,4,6,10,10,10,3,4,4,,0,5,9,7,7,9,
10335,13,28,European/Caucasian-American,male,16,17,17,17,16,17,Urban Planning,1,1,9,9,8,8,8,7,5,4,6,7,5,7,8,7,6,4,4,5,,5,6,6,6,6,6,
10336,13,27,Other,male,20,10,20,25,5,20,Urban Planning,1,1,4,2,7,6,8,8,8,6,6,8,4,10,10,7,7,5,10,2,,4,7,9,7,9,10,
10339,14,23,Asian/Pacific Islander/Asian-American,female,20,20,20,20,0,20,Political Science,3,10,1,2,1,10,9,9,8,1,6,10,10,10,10,10,10,9,10,5,,10,7,9,9,7,9,
10340,14,33,Latino/Hispanic American,female,15,40,5,25,0,15,Ed.D. in higher education policy at TC,2,1,3,4,4,10,9,10,1,1,8,7,10,8,10,1,4,10,4,2,,6,10,10,10,10,10,
10341,14,32,European/Caucasian-American,female,15,5,10,20,25,25,Epidemiology,5,6,6,3,3,10,10,10,8,2,3,5,4,8,9,9,9,9,7,5,,2,4,8,6,10,7,
10342,14,26,Latino/Hispanic American,female,20,15,20,15,15,15,International Security Policy - SIPA,1,3,9,7,5,6,7,6,4,3,9,4,4,9,9,9,9,9,5,5,,9,7,7,8,8,9,
10343,14,24,European/Caucasian-American,female,15,10,23,27,5,20,Nutrition,7,6,5,1,10,6,5,5,3,4,8,9,6,7,7,8,9,6,9,6,,2,7,9,7,9,7,
10345,14,26,Black/African American,female,30,30,20,10,5,5,EDUCATION,1,1,1,1,2,10,3,3,1,1,8,2,5,3,8,1,7,10,1,5,,2,8,6,10,10,10,
10346,14,21,Asian/Pacific Islander/Asian-American,female,15,15,15,15,15,25,EDUCATION,3,3,3,5,1,10,10,10,2,1,9,10,7,10,7,7,7,10,5,5,,3,6,10,10,10,10,
10347,14,33,European/Caucasian-American,female,20,25,20,10,5,20,Organizational Psychology,1,7,2,3,10,8,7,8,7,1,6,7,4,8,8,8,9,6,7,6,,5,7,8,8,9,7,
10348,14,31,European/Caucasian-American,female,15,12,8,25,15,25,Applied Physiology & Nutrition,9,5,9,2,10,9,8,8,8,7,7,9,9,9,9,9,9,5,7,6,,2,7,10,6,8,8,
10349,14,35,Asian/Pacific Islander/Asian-American,female,15,15,15,30,10,15,music education,1,3,5,2,5,10,10,10,7,2,3,10,3,10,10,10,10,5,5,8,,,8,10,7,8,9,
10350,14,29,Other,female,10,20,10,20,20,20,Music Education,6,6,8,5,10,10,10,10,8,4,5,5,8,9,9,10,10,7,7,9,,5,9,10,9,9,8,
10351,14,25,Asian/Pacific Islander/Asian-American,female,10,15,25,25,15,10,music education,7,7,3,4,5,8,9,9,8,8,5,6,4,9,9,8,9,8,5,5,,5,6,6,6,6,6,
10352,14,22,European/Caucasian-American,female,20,20,20,20,10,10,Clinical Psychology,9,8,10,10,10,10,8,8,1,1,1,8,10,10,10,10,10,10,6,7,,12,7,7,10,8,8,
10353,14,24,European/Caucasian-American,female,10,50,5,10,5,20,Clinical Psychology,10,2,9,1,7,8,7,7,7,1,9,9,2,9,9,9,9,9,2,7,,2,6,10,8,8,8,
10354,14,27,European/Caucasian-American,female,0,15,20,20,20,25,Counseling Psychology,2,4,10,9,8,10,8,5,7,1,5,8,9,8,9,7,10,5,6,4,,1,7,10,8,9,6,
10355,14,27,Asian/Pacific Islander/Asian-American,female,20,15,20,20,5,20,education,10,10,2,6,10,10,10,10,8,1,7,10,6,10,8,7,7,8,1,1,,1,6,10,7,7,6,
10356,14,26,Asian/Pacific Islander/Asian-American,female,10,20,25,25,10,10,MBA,1,1,6,2,7,10,4,5,2,4,9,9,6,5,8,4,5,7,3,5,,2,8,7,8,8,7,
10357,14,26,European/Caucasian-American,female,14,9,15,23,22,17,Communications in Education,1,5,2,1,1,7,2,2,6,8,1,10,3,7,8,8,8,1,4,2,,2,7,10,2,9,8,
10358,14,24,Other,female,10,20,10,10,20,30,psychology,8,4,9,7,6,9,7,8,9,9,1,7,6,7,7,10,10,7,8,7,,3,8,10,8,8,8,
10359,14,34,European/Caucasian-American,male,5,30,5,30,10,20,Intellectual Property Law,5,5,3,1,3,5,9,10,3,3,4,10,6,8,9,7,7,3,2,5,,4,7,7,5,7,9,
10360,14,30,European/Caucasian-American,male,5.98,20.51,17.09,24.79,17.09,14.53,Law,1,1,8,2,1,9,6,6,6,4,7,6,4,6,6,6,6,7,2,9,,7,7,7,9,8,8,
10361,14,23,Asian/Pacific Islander/Asian-American,male,5,25,20,20,10,20,engineering,1,1,3,3,9,10,4,5,8,6,9,7,5,5,8,7,5,8,5,7,,4,5,7,8,8,3,
10362,14,27,Latino/Hispanic American,male,10,25,15,25,0,25,MBA Finance,6,2,9,7,9,9,4,3,3,5,1,9,5,4,7,5,6,8,1,6,,5,8,8,8,9,9,
10363,14,30,European/Caucasian-American,male,10.53,31.58,21.05,15.79,10.53,10.53,MBA,1,1,7,3,3,9,9,10,8,4,8,8,1,5,7,9,10,5,5,8,,5,8,2,9,9,9,
10364,14,27,European/Caucasian-American,male,15,14,16,17,20,18,Business,4,6,6,6,4,8,9,9,7,6,8,9,4,6,7,10,10,8,6,5,,5,6,8,9,8,10,
10365,14,27,European/Caucasian-American,male,5,30,25,20,5,15,International Affairs,6,3,6,7,8,8,5,5,3,4,8,5,6,3,3,7,8,7,2,8,,3,7,7,8,7,5,
10366,14,24,Other,male,10,20,20,25,15,10,Intrernational Affairs,1,1,4,6,4,8,9,7,3,8,9,9,9,7,9,8,9,8,4,4,,3,6,8,8,8,7,
10367,14,25,European/Caucasian-American,male,5,17,27,28,5,18,Clinical Psychology,1,8,2,6,2,6,7,7,7,1,1,10,3,7,5,6,8,1,1,7,,5,6,9,9,10,7,
10368,14,28,European/Caucasian-American,male,10,50,10,10,10,10,MBA,7,4,7,8,7,7,6,6,3,1,6,7,2,2,2,5,9,4,1,7,,2,8,6,9,9,9,
10369,14,27,European/Caucasian-American,male,0,40,50,10,0,0,MBA,3,1,10,7,7,3,3,3,3,3,3,4,5,3,6,10,10,1,7,6,,7,10,8,10,10,10,
10370,14,27,European/Caucasian-American,male,5,30,20,15,15,15,Business,9,7,9,10,8,9,9,9,7,4,2,9,6,8,6,7,7,4,2,5,,3,7,8,8,9,8,
10371,14,29,Latino/Hispanic American,male,0,75,10,5,5,5,MBA,3,1,7,5,8,8,7,6,3,5,9,8,2,3,4,5,9,8,2,9,,3,9,8,9,9,9,
10372,14,30,Asian/Pacific Islander/Asian-American,male,5,50,10,10,15,10,BUSINESS CONSULTING,6,6,10,10,8,7,8,8,5,5,6,5,6,9,10,9,8,4,4,7,,2,6,7,6,7,7,
10373,14,27,European/Caucasian-American,male,8,30,15,15,12,20,MBA,3,2,9,8,5,8,4,4,2,2,7,5,6,5,6,3,6,7,3,5,,6,8,9,9,8,9,
10374,14,25,Asian/Pacific Islander/Asian-American,male,15,30,20,15,10,10,business,10,7,4,1,4,10,5,6,7,7,3,3,9,7,9,5,6,9,5,5,,1,6,10,8,9,10,
10375,14,26,Asian/Pacific Islander/Asian-American,male,15,25,20,10,10,20,business school,3,2,7,9,6,6,3,3,1,7,8,6,8,5,8,7,8,6,2,6,,2,7,8,8,7,7,
10376,14,29,European/Caucasian-American,male,10,25,20,20,10,15,MBA,3,2,9,5,10,5,4,4,2,1,8,7,3,3,8,5,8,5,2,6,,3,6,7,7,9,7,
10377,15,38,European/Caucasian-American,female,15,15,15,20,20,15,Business, Media,4,6,4,4,6,7,8,8,7,2,2,6,7,7,9,6,6,3,5,5,,1,6,9,6,8,9
10378,15,33,Black/African American,female,15,20,15,20,10,20,MFA -Film,4,8,7,8,8,8,5,5,3,1,5,5,7,7,10,9,9,9,9,6,,5,4,7,9,9,9,
10379,15,24,European/Caucasian-American,female,5,20,35,20,10,10,Film,6,3,5,5,5,7,8,8,6,5,6,9,6,4,8,7,8,8,7,2,,3,7,7,10,9,8,
10380,15,28,European/Caucasian-American,female,10,25,10,25,5,25,Film,8,1,6,5,10,10,9,9,6,8,3,8,10,8,10,9,9,9,1,6,,3,7,7,7,7,10,
10381,15,27,European/Caucasian-American,female,15,25,20,10,10,20,Higher Ed. - M.A.,10,5,9,7,9,9,8,8,5,1,5,6,9,4,9,8,7,7,4,4,,2,7,9,7,6,6,
10382,15,23,European/Caucasian-American,female,20,20,20,20,0,20,Education,9,6,8,5,7,9,10,10,3,3,7,6,7,10,10,5,6,6,3,8,,10,8,8,9,8,9,
10383,15,25,European/Caucasian-American,female,10,25,20,20,5,20,Elementary Education,5,8,7,5,8,10,10,10,10,6,8,9,6,10,10,8,10,9,8,7,,,8,8,6,8,6,
10384,15,26,European/Caucasian-American,female,15,15,10,30,20,10,School Psychology,4,2,1,3,5,8,7,7,2,5,7,8,8,9,9,8,8,8,3,4,,4,7,8,9,9,9,
10385,15,25,European/Caucasian-American,female,15,20,15,25,10,15,School Psychology,5,2,5,5,8,8,6,6,4,3,8,7,7,8,8,7,7,8,2,6,,8,8,8,8,8,8,
10386,15,24,European/Caucasian-American,female,15,22,15,15,16,17,Counseling Psychology,1,6,7,4,8,7,3,3,5,3,4,7,6,6,7,6,6,6,4,4,,1.5,8,8,7,8,8,
10387,15,21,European/Caucasian-American,female,0,20,20,20,10,30,Law,1,1,7,8,5,8,7,7,10,2,1,10,7,8,8,10,10,7,8,7,,7,8,10,9,7,5,
10388,15,30,Asian/Pacific Islander/Asian-American,female,10,10,10,20,30,20,Neuroscience and Education,1,10,6,1,6,10,6,6,8,1,4,10,6,8,8,8,8,4,6,6,,10,8,8,8,8,8,
10389,15,28,European/Caucasian-American,female,10,35,10,35,10,0,Creative Writing,1,5,8,1,6,8,6,7,9,1,9,9,1,3,5,5,5,4,2,4,,1,8,9,9,9,7,
10390,15,26,European/Caucasian-American,female,10,15,30,15,10,20,Creative Writing - Nonfiction,6,1,4,3,3,9,10,9,9,1,3,10,6,8,10,5,10,7,7,3,,2,4,7,7,8,7,
10391,15,22,European/Caucasian-American,female,12,8,25,25,10,20,Writing: Literary Nonfiction,4,8,3,2,3,5,9,9,4,3,4,9,6,7,8,7,7,5,4,6,,2.5,7,9,8,8,8,
10392,15,24,European/Caucasian-American,female,15,18,15,16,17,19,Creative Writing [Nonfiction],1,6,3,1,4,9,8,8,10,1,1,10,6,9,9,8,7,7,2,6,,2.5,9,8,7,7,7,
10393,15,33,European/Caucasian-American,female,10,20,10,20,20,20,NonFiction Writing,1,2,3,4,4,10,8,8,6,1,8,9,3,10,10,7,9,7,8,4,,5,8,8,7,9,7,
10394,15,25,Asian/Pacific Islander/Asian-American,female,15,15,18,18,16,18,Theatre Management & Producing,1,5,3,8,7,10,10,10,7,7,7,10,9,10,10,10,10,7,7,4,,3,8,10,10,10,8,
10395,15,24,European/Caucasian-American,male,6,20,22,21,10,21,Law,3,2,9,8,8,6,7,7,6,2,6,7,5,7,8,4,7,5,1,6,,7,7,7,7,10,9,
10396,15,29,European/Caucasian-American,male,0,45,30,10,5,10,Business [MBA],7,2,4,1,2,10,7,7,9,9,8,7,7,7,9,6,5,6,2,8,,3,7,6,10,7,8,
10397,15,29,European/Caucasian-American,male,10,25,20,20,15,10,Business,1,1,9,2,9,9,9,9,7,3,5,9,1,6,7,8,10,3,8,7,,,9,9,9,9,9,
10398,15,26,European/Caucasian-American,male,1,70,3,20,1,5,Business,7,7,7,4,7,7,6,6,6,1,8,7,1,7,7,6,7,1,1,3,,8,7,10,6,8,7,
10399,15,31,European/Caucasian-American,male,0,35,20,25,20,0,Business,1,1,10,1,4,8,8,8,8,2,5,5,1,8,8,10,10,7,3,9,,6,8,5,7,10,5,
10400,15,29,Asian/Pacific Islander/Asian-American,male,10,25,25,15,5,20,Mathematics,1,1,10,2,6,9,6,6,9,7,4,3,3,5,8,4,4,6,9,6,,1,6,8,7,10,9,
10401,15,22,European/Caucasian-American,male,5,20,15,20,15,25,Financial Engineering,6,6,9,8,3,7,4,3,5,3,3,5,6,5,8,3,6,2,1,6,,3,4,8,7,9,9,
10402,15,23,European/Caucasian-American,male,3,25,25,25,8,14,Financial Engineering,1,4,10,5,8,10,8,8,9,7,9,8,4,5,8,7,8,6,3,7,,6,6,9,7,8,8,
10403,15,30,Black/African American,male,5,30,15,20,5,25,International Affairs,1,1,6,1,6,9,8,9,2,6,8,8,6,10,9,7,9,9,5,6,,1,8,8,10,9,10,
10404,15,27,Asian/Pacific Islander/Asian-American,male,20,20,20,20,0,20,Business,1,1,4,6,8,9,6,7,8,6,6,7,7,8,9,7,10,2,1,6,,2,6,7,8,8,9,
10405,15,24,European/Caucasian-American,male,15,30,15,15,10,15,Film,1,1,8,4,7,9,9,9,7,4,2,9,5,7,10,9,9,7,7,5,,5,7,9,8,7,8,
10406,15,24,Latino/Hispanic American,male,10,20,20,20,20,10,International Affairs,1,1,7,7,9,8,9,8,3,5,1,6,2,4,8,6,10,2,1,6,,3,8,7,10,8,9,
10407,15,23,European/Caucasian-American,male,10,20,20,20,15,15,biomedical engineering,5,5,10,4,1,4,7,8,10,2,8,7,2,6,8,10,10,5,2,7,,,7,9,8,9,8,
10408,15,27,European/Caucasian-American,male,10,20,20,20,10,20,Business,8,8,10,8,5,8,1,1,8,10,1,8,2,2,4,4,5,1,1,5,,2,7,10,6,10,10,
10409,15,34,European/Caucasian-American,male,10,35,25,15,0,15,Finance,8,2,7,6,6,7,7,6,3,3,1,8,1,7,6,7,10,8,3,3,,2,8,6,9,7,5,
10410,15,27,European/Caucasian-American,male,5,75,5,5,5,5,business,1,1,10,10,10,5,8,8,0,7,3,8,6,5,5,8,8,4,4,4,,3,7,7,8,8,8,
10411,15,26,European/Caucasian-American,male,5,10,30,30,15,10,business,5,3,6,7,5,7,5,3,5,5,4,6,8,6,9,6,6,7,0,8,,0,7,9,7,8,6,
10412,15,29,European/Caucasian-American,male,1,95,1,1,1,1,business,2,10,10,5,9,5,0,0,5,5,0,8,7,0,0,0,1,2,0,5,,2,,,,,,
10413,15,31,European/Caucasian-American,male,10,10,10,40,10,20,MBA,3,1,1,1,6,6,7,5,1,1,3,10,1,6,6,3,7,1,1,4,,2,7,8,4,10,8,
10414,16,25,Latino/Hispanic American,female,5,15,20,30,10,20,Psychology,3,3,4,1,8,8,7,6,6,1,8,7,8,5,7,5,10,4,3,3,,2,,,,,,
10415,16,29,European/Caucasian-American,female,10,20,10,20,20,20,Psychology,1,1,6,1,4,5,8,8,8,3,5,7,2,6,7,7,6,3,8,5,,3,7,8,4,8,8,
10416,16,25,Asian/Pacific Islander/Asian-American,female,10,15,15,20,15,25,Law,7,3,2,2,5,9,7,8,6,5,6,10,8,8,10,7,9,7,7,5,,0,7,9,7,8,5,
10417,16,28,European/Caucasian-American,female,5,5,10,20,30,30,Social Work,0,1,6,2,5,8,5,6,5,2,9,9,8,9,9,6,6,4,7,5,,3,9,8,5,9,3,
10418,16,22,European/Caucasian-American,female,15,10,10,40,15,10,Social Work,1,1,8,4,5,10,8,8,7,4,3,9,7,8,7,4,5,6,4,5,,2,8,9,7,10,7,
10419,16,25,Asian/Pacific Islander/Asian-American,female,10,20,20,30,10,10,Social Work,5,5,1,1,1,8,5,5,1,5,5,5,8,10,10,5,10,10,5,7,,2,7,7,6,6,6,
10420,16,26,European/Caucasian-American,male,10,30,10,20,5,25,Fundraising Management,6,7,7,2,8,9,9,9,10,2,4,7,5,9,8,6,6,7,9,8,,4,8,10,8,8,8,
10421,16,30,European/Caucasian-American,male,5,30,10,30,5,20,Business,1,1,9,2,9,8,7,7,7,6,5,9,5,5,8,7,5,5,4,6,,3,7,9,8,9,9,
10422,16,24,Asian/Pacific Islander/Asian-American,male,17,17,17,17,16,16,Biomedical Engineering,4,4,7,7,7,7,5,5,6,7,5,5,7,5,8,5,7,8,5,6,,2,7,7,7,7,7,
10423,16,28,European/Caucasian-American,male,12,16,12,20,15,25,Business [Finance & Marketing],3,7,7,8,8,8,7,6,5,2,7,5,5,6,7,5,7,2,2,6,,2,6,9,6,9,9,
10424,16,24,European/Caucasian-American,male,8,25,20,35,5,7,MBA,4,7,7,2,7,8,6,4,3,2,6,5,3,7,6,6,6,4,2,7,,2,8,8,8,10,9,
10425,16,28,European/Caucasian-American,male,20,20,20,20,20,20,International Affairs,1,1,10,1,10,8,7,7,9,1,3,8,1,4,5,7,10,1,10,6,,0,7,10,8,7,9,
10426,16,27,Asian/Pacific Islander/Asian-American,male,10,60,10,10,0,10,MBA,8,8,6,5,5,9,6,7,6,5,6,7,5,6,7,5,7,7,3,8,,2,8,8,7,9,9,
10427,16,27,European/Caucasian-American,male,5,55,15,15,0,10,Business,1,1,7,8,8,9,8,8,8,6,7,9,8,8,8,8,8,7,6,7,,3,8,8,9,9,8,
10428,17,22,Asian/Pacific Islander/Asian-American,female,15,10,20,15,15,25,Elementary Education - Preservice,3,10,10,10,10,6,3,2,4,2,4,4,8,9,9,8,8,5,4,5,,0,5,8,8,5,8,
10429,17,27,Asian/Pacific Islander/Asian-American,female,15,15,15,25,15,15,Education Leadership - Public School Administration,5,8,10,9,7,10,10,10,10,5,4,10,7,7,5,8,10,10,3,7,,2,7,10,7,9,10,
10430,17,28,European/Caucasian-American,female,10,15,10,30,5,30,Social Work,1,1,2,2,2,10,10,10,7,1,6,6,4,9,8,8,7,5,5,4,,5,7,8,8,8,8,
10431,17,30,Other,female,10,20,20,20,10,20,MFA Writing,3,3,3,3,8,8,8,8,8,1,6,7,5,7,8,5,5,5,3,5,,3,8,6,7,8,5,
10432,17,27,European/Caucasian-American,female,0,30,30,15,10,15,International Affairs,2,2,4,2,9,6,3,3,3,2,7,2,6,2,2,4,7,8,4,3,,1,7,7,8,6,4,
10433,17,22,Black/African American,female,15,25,25,20,10,5,Law,1,1,5,5,6,9,8,8,3,2,9,9,1,8,7,9,9,10,10,5,,4,7,9,9,9,9,
10434,17,23,European/Caucasian-American,female,17,28,22,17,8,8,Law,9,1,8,5,9,10,8,7,8,5,1,9,10,8,10,6,10,10,4,5,,4,9,8,10,7,6,
10435,17,23,European/Caucasian-American,female,14,15,18,18,20,15,Social Work,2,6,6,7,7,8,9,9,8,5,6,9,7,10,10,10,10,5,6,5,,5,7,9,9,9,8,
10436,17,23,European/Caucasian-American,female,18,14,17,16,20,15,Social Work,1,5,3,1,8,9,5,5,8,4,7,6,5,7,9,10,9,8,3,4,,10,7,8,7,7,7,
10437,17,29,European/Caucasian-American,female,10,20,5,50,5,10,Bilingual Education,1,5,8,4,8,9,8,9,6,1,7,9,6,4,9,9,9,6,6,7,,,8,8,7,7,7,
10438,17,21,European/Caucasian-American,male,5,35,20,30,5,5,Law,8,2,10,10,10,10,7,7,7,3,1,3,5,5,10,8,10,8,5,7,,2,8,8,9,9,9,
10439,17,24,European/Caucasian-American,male,5,35,20,25,5,10,Law,4,2,6,1,6,7,7,8,7,14,9,9,8,9,10,10,10,7,2,7,,,8,7,8,9,8,
10440,17,25,European/Caucasian-American,male,0,40,45,0,5,10,law,1,1,7,1,7,5,1,1,7,1,8,6,1,1,5,3,5,2,1,6,,3,7,9,8,8,9,
10441,17,27,Latino/Hispanic American,male,0,30,20,10,15,25,International Affairs - Economic Policy,1,3,9,5,7,8,5,5,5,3,7,6,1,6,7,8,8,4,5,7,,3,7,10,9,7,7,
10442,17,26,European/Caucasian-American,male,0,50,30,10,0,10,MBA,5,1,8,8,9,2,6,8,6,2,5,2,7,1,10,3,5,5,6,3,,0,8,7,9,8,7,
10443,17,30,European/Caucasian-American,male,6,40,12,18,12,12,SIPA - Energy,1,1,9,6,8,8,5,3,9,5,9,10,5,4,10,8,9,5,1,5,,,9,8,7,10,7,
10444,17,28,Latino/Hispanic American,male,10,30,15,25,0,20,MBA,2,2,9,2,9,8,8,7,6,3,6,6,5,6,6,5,8,3,3,7,,3,6,8,9,7,5,
10445,17,26,Asian/Pacific Islander/Asian-American,male,0,15,20,25,10,30,Public Policy,1,1,7,5,6,8,3,2,6,2,5,6,3,4,8,4,9,2,4,3,,1,6,10,6,7,4,
10446,17,22,European/Caucasian-American,male,5,25,25,25,5,15,Law/Business,1,1,3,2,4,9,8,9,3,5,9,7,3,6,7,6,10,6,5,3,,4,8,9,8,9,10,
10447,17,23,Other,male,1,55,40,1,1,2,Law,7,1,8,2,6,8,7,5,5,3,1,9,7,6,9,2,6,4,1,5,,3,7,10,10,10,8,
10448,17,25,European/Caucasian-American,male,5,50,5,5,30,5,International Affairs,3,7,7,3,9,9,9,9,9,9,3,5,7,9,10,9,10,5,10,3,,2,9,6,7,10,10,
10449,17,30,Asian/Pacific Islander/Asian-American,male,5,20,20,5,10,40,MBA,3,1,3,3,2,4,4,3,3,4,3,6,7,5,7,7,8,6,6,3,,1,2,4,4,4,4,
10450,17,29,Asian/Pacific Islander/Asian-American,male,0,35,5,25,5,30,MBA,7,1,9,6,8,7,8,7,8,7,9,8,7,8,9,8,10,5,3,7,,5,7,8,7,10,8,
10451,17,27,Asian/Pacific Islander/Asian-American,male,0,30,5,30,5,30,law,4,3,6,3,5,6,6,5,6,5,3,6,6,4,7,6,5,4,1,6,,2,5,6,7,8,5,
10452,18,27,European/Caucasian-American,female,10,10,20,20,20,20,MFA  Poetry,3,3,5,8,5,9,9,9,7,1,4,9,4,9,9,8,8,4,9,5,,1,8,9,9,9,7,
10453,18,24,Asian/Pacific Islander/Asian-American,female,20,10,16,20,9,25,Biomedical Engineering,5,5,3,5,3,10,10,7,7,1,8,10,4,8,9,8,9,9,7,4,,2,7,9,9,8,8,
10454,18,29,Asian/Pacific Islander/Asian-American,female,15,25,10,15,15,20,Business,3,2,1,1,8,8,7,7,6,2,8,8,4,7,7,6,6,8,8,2,,1,8,8,6,7,7,
10455,18,55,Asian/Pacific Islander/Asian-American,female,0,25,25,25,25,0,SOA -- writing,1,1,1,2,1,8,9,9,10,1,1,10,4,7,3,10,8,1,1,10,,0,7,6,7,8,3,
10456,18,29,Asian/Pacific Islander/Asian-American,female,0,50,20,25,0,5,Business,9,8,9,1,6,10,8,6,9,3,6,9,7,8,8,4,1,10,9,5,,5,10,10,9,10,10,
10457,18,26,Asian/Pacific Islander/Asian-American,female,10,30,30,10,10,10,Finance,6,1,1,3,1,9,8,9,1,1,6,4,6,8,8,8,8,8,1,5,,0,5,5,5,5,8,
10458,18,33,European/Caucasian-American,male,15,20,15,20,20,10,History,2,1,9,7,10,10,10,10,8,1,7,9,10,6,9,10,10,1,5,8,,1,8,8,7,9,7,
10459,18,27,Other,male,10,40,10,20,0,20,biomedical informatics,2,2,9,8,9,9,7,7,9,8,6,2,2,7,6,6,6,4,4,7,,3,6,8,9,8,7,
10460,18,33,Asian/Pacific Islander/Asian-American,male,0,30,10,10,20,30,Electrical Engineering,1,5,8,7,5,2,6,6,1,2,7,3,8,5,7,6,9,2,2,8,,3,4,9,6,8,2,
10461,18,23,Asian/Pacific Islander/Asian-American,male,15,15,15,15,25,15,physics,3,2,5,4,7,5,4,3,3,5,4,5,4,4,4,4,7,3,1,5,,0,6,7,7,8,7,
10462,18,33,Asian/Pacific Islander/Asian-American,male,15,15,20,15,20,15,MBA,1,1,10,9,6,7,3,3,5,5,9,3,4,6,7,7,7,2,1,5,,1,5,8,8,9,10,
10463,18,23,European/Caucasian-American,male,20,20,20,20,0,20,art history,1,3,4,8,1,3,8,8,4,1,4,9,2,1,3,10,10,1,1,4,,1,7,10,8,7,5,
10464,19,24,European/Caucasian-American,female,20,10,15,20,15,20,working,1,1,4,2,9,8,5,6,4,3,2,8,5,5,7,6,8,4,2,5,,0,7,9,7,8,8,
10465,19,24,European/Caucasian-American,female,20,20,20,20,0,20,Consulting,7,4,8,4,9,9,9,9,8,5,8,9,8,9,9,9,9,9,9,7,,4,8,8,8,8,8,
10466,19,25,Other,female,15,15,15,15,15,25,Human Rights: Middle East,5,2,8,3,7,7,7,8,8,2,6,8,7,5,9,9,9,7,6,4,,2,8,9,6,8,8,
10467,19,25,Asian/Pacific Islander/Asian-American,female,10,20,20,20,20,10,Human Rights,1,1,10,7,7,7,7,7,3,3,4,7,9,7,7,7,8,6,9,4,,6,8,8,8,6,6,
10468,19,29,Asian/Pacific Islander/Asian-American,female,10,10,25,25,10,20,medicine,1,1,1,1,1,10,10,10,2,1,3,10,5,10,10,6,6,10,1,4,,4,4,9,5,8,6,
10469,19,30,Asian/Pacific Islander/Asian-American,female,15,15,10,25,20,15,medicine,8,8,3,4,6,10,7,7,5,2,9,7,8,6,8,6,6,10,4,5,,2,7,8,8,9,9,
10470,19,25,Latino/Hispanic American,female,10,10,20,25,10,25,Urban Planning,1,3,10,6,7,9,9,8,9,1,7,8,1,10,10,10,10,5,9,4,,12,8,10,10,8,9,
10471,19,34,Asian/Pacific Islander/Asian-American,female,15,15,15,20,15,20,Biotechnology,1,1,7,5,5,8,8,8,8,6,6,9,8,8,9,9,9,7,7,7,,3,7,9,8,10,7,
10472,19,30,Black/African American,female,5,15,30,10,20,20,biotechnology,1,1,10,2,10,10,7,7,9,2,9,8,1,4,3,7,10,6,9,9,,6,9,9,10,8,7,
10473,19,27,Latino/Hispanic American,female,15,10,10,30,20,15,SIPA-International Affairs,1,2,1,1,6,10,6,5,2,0,5,4,4,9,8,3,5,6,9,5,,,5,8,5,7,7,
10474,19,25,European/Caucasian-American,female,15,20,15,20,10,20,SIPA-International Affairs,1,3,4,1,7,9,5,5,4,1,7,3,3,3,3,3,7,6,3,5,,2,7,9,5,7,6,
10475,19,27,Latino/Hispanic American,female,15,16,17,16,17,19,Electrical Engineering,5,7,9,6,7,8,6,8,8,4,7,7,4,7,8,7,7,6,4,7,,3,6,8,7,7,7,
10476,19,26,European/Caucasian-American,female,10,20,20,10,20,20,International Affairs,4,4,9,7,9,7,7,9,9,3,3,8,4,7,9,8,9,4,6,4,,,7,8,9,8,7,
10477,19,27,European/Caucasian-American,female,15,15,20,20,15,15,International affairs,3,3,10,7,10,9,8,7,9,1,7,5,4,7,7,7,7,7,7,6,,1.5,8,8,8,8,8,
10478,19,26,European/Caucasian-American,female,12,16,20,18,16,18,Urban Planning,4,6,7,1,8,9,9,9,3,1,6,10,3,3,4,4,4,5,7,4,,6,8,9,10,8,7,
10479,19,23,European/Caucasian-American,male,5,25,20,15,15,20,teaching of English,8,1,3,3,7,9,8,7,1,2,5,8,2,7,10,10,10,6,1,6,,4,8,7,8,9,5,
10480,19,30,European/Caucasian-American,male,15,20,20,22,13,10,MBA,2,6,9,7,5,9,6,5,8,2,5,9,6,7,7,2,4,4,3,4,,3,7,10,9,8,8,
10481,19,28,European/Caucasian-American,male,0,40,20,20,0,20,Sociology,1,1,10,1,10,10,10,10,5,1,1,10,5,10,10,10,10,10,5,5,,3,8,10,10,10,10,
10482,19,31,Asian/Pacific Islander/Asian-American,male,16,16,16,20,16,16,GSAS,1,1,7,3,5,9,9,9,9,3,7,9,1,9,9,9,9,2,7,6,,1,4,8,2,9,9,
10483,19,29,Black/African American,male,15,20,15,20,15,15,African-American Studies/History,4,3,6,10,9,7,7,7,4,6,6,9,8,8,8,7,8,7,4,6,,8,8,8,7,8,7,
10484,19,32,Latino/Hispanic American,male,10,20,15,20,15,20,Neurosciences/Stem cells,1,1,7,1,3,10,8,6,4,1,9,8,1,7,10,5,8,2,2,8,,1,7,10,8,9,9,
10485,19,24,Asian/Pacific Islander/Asian-American,male,9,25,10,15,15,26,Classics,1,1,4,4,2,8,5,3,2,5,2,7,8,5,9,6,10,6,2,5,,2,7,9,6,8,5,
10486,19,29,Asian/Pacific Islander/Asian-American,male,5,15,20,20,20,20,Business,1,1,3,3,3,9,5,1,1,1,8,8,8,8,8,8,8,8,3,5,,4,5,10,7,10,8,
10487,19,28,European/Caucasian-American,male,20,20,20,20,0,10,Business,6,5,7,7,7,9,9,9,6,9,9,6,6,9,9,9,7,6,5,6,,,6,8,8,9,10,
10488,19,29,European/Caucasian-American,male,10,30,10,20,15,15,film,6,1,3,1,2,7,7,7,6,2,5,9,9,8,10,9,8,7,4,3,,3,3,7,6,8,6,
10489,19,29,Latino/Hispanic American,male,8,30,20,25,7,10,MBA,3,3,9,2,9,9,9,8,9,7,9,8,2,7,8,8,9,9,6,5,,2.5,7,7,7,7,7,
10490,19,30,Other,male,10,30,30,30,0,0,physics,1,1,10,10,10,10,10,10,10,2,4,10,7,5,5,2,5,10,10,7,,3,10,10,10,10,10,
10491,19,20,Asian/Pacific Islander/Asian-American,male,10,30,30,10,10,10,Public Administration,1,1,10,10,7,7,4,4,3,3,6,7,10,8,8,7,7,10,6,10,,1,7,7,8,8,8,
10492,19,30,European/Caucasian-American,male,0,25,25,25,0,25,journalism,2,8,8,10,4,10,10,10,1,1,4,8,6,9,10,7,8,9,10,6,,,9,10,10,10,7,
10493,19,32,Other,male,15,20,15,20,10,20,Theater,5,6,7,5,6,7,5,6,7,7,6,5,6,7,7,6,5,5,6,6,,4,7,7,7,8,9,
10494,20,23,Asian/Pacific Islander/Asian-American,female,10,20,20,20,0,30,Engineering,1,1,8,1,8,7,7,7,8,1,1,7,3,3,3,5,5,5,5,5,,3,5,8,6,9,8,
10495,20,24,European/Caucasian-American,female,20,10,20,20,10,20,Biology PhD,5,5,7,5,1,8,7,6,7,3,1,7,8,6,9,9,8,8,7,6,,0,8,10,10,9,8,
10496,20,25,European/Caucasian-American,female,18,18,18,18,10,18,biochemistry/genetics,9,9,3,1,5,7,3,3,6,6,9,8,9,6,8,8,8,3,1,5,,0,8,9,10,9,10,
10497,20,26,European/Caucasian-American,female,5,19,19,19,19,19,Biology,1,9,1,1,1,9,9,9,2,1,8,9,6,8,10,10,10,5,1,4,,2,9,10,9,10,4,
10498,20,25,Black/African American,female,10,10,15,35,15,15,Epidemiology,7,9,4,2,6,7,7,7,2,2,7,8,5,7,8,8,8,6,5,6,,1,8,9,9,9,9,
10499,20,26,European/Caucasian-American,female,10,30,10,20,20,10,epidemiology,7,4,5,4,8,8,9,9,6,1,3,9,7,9,9,9,10,7,6,7,,1,8,9,8,9,9,
10500,20,26,Asian/Pacific Islander/Asian-American,male,0,40,20,20,0,20,Electrical Engineering,1,1,8,8,9,6,5,5,10,9,8,7,8,6,9,5,8,3,4,3,,6,7,7,9,9,9,
10501,20,25,European/Caucasian-American,male,0,30,0,40,0,30,Biology,1,5,2,4,4,8,8,8,7,5,2,6,5,7,8,9,9,7,7,5,,1.5,7,9,4,10,5,
10502,20,23,European/Caucasian-American,male,15,30,15,30,10,0,Computer Science,1,1,1,1,2,4,4,4,8,1,3,6,1,5,6,7,7,3,1,7,,3,7,5,6,8,8,
10503,20,27,Asian/Pacific Islander/Asian-American,male,16,20,16,18,16,14,MFA Creative Writing,1,1,10,6,10,5,10,10,9,7,1,10,10,10,10,10,10,10,10,6,,2,9,10,8,10,10,
10504,20,24,Asian/Pacific Islander/Asian-American,male,15,15,15,20,20,15,Stats,5,5,6,4,6,7,7,7,8,2,4,9,2,5,5,5,5,2,1,4,,2,5,8,7,9,10,
10505,20,24,Asian/Pacific Islander/Asian-American,male,20,20,20,20,0,20,Statistics,1,1,10,9,10,9,9,8,7,4,5,8,5,7,6,6,8,3,2,5,,0,7,8,7,8,7,
10506,20,36,Asian/Pacific Islander/Asian-American,male,18,18,18,18,18,10,math of finance,1,5,10,4,7,6,4,4,4,9,7,10,3,5,4,7,10,4,8,7,,3,7,8,8,9,8,
10507,21,28,Asian/Pacific Islander/Asian-American,female,10,10,10,30,20,20,journalism,2,2,6,3,6,7,7,7,3,3,4,6,4,4,8,5,7,7,7,6,,0,5,6,4,8,9,
10508,21,26,Latino/Hispanic American,female,3,25,12,25,10,25,Business,3,3,8,1,4,10,8,7,10,5,7,9,1,3,9,7,5,1,7,5,,5,7,9,6,8,4,
10509,21,23,Asian/Pacific Islander/Asian-American,female,15,20,30,10,15,10,Electrical Engineering,2,2,6,5,5,7,8,10,10,3,9,8,5,8,9,9,10,7,8,6,,10,8,4,10,8,8,
10511,21,23,European/Caucasian-American,female,5,20,20,20,15,20,MFA Acting Program,1,1,1,1,9,9,9,9,1,0,8,9,8,9,10,6,8,6,6,2,,2,6,8,7,6,4,
10512,21,23,European/Caucasian-American,female,5,20,15,20,20,20,sociology,8,9,5,3,7,7,8,10,2,2,1,8,6,10,8,9,10,6,7,7,,5,8,10,8,9,7,
10513,21,23,European/Caucasian-American,female,10,20,15,20,15,20,Nonfiction writing,8,5,10,10,8,9,9,8,10,3,8,9,8,9,10,7,10,5,9,6,,1,8,10,8,10,8,
10514,21,27,Asian/Pacific Islander/Asian-American,female,7,58,10,8,12,5,Biochemistry & Molecular Biophysics,9,3,3,3,6,10,9,9,5,5,8,9,6,9,4,9,9,9,3,2,,4,8,9,9,8,8,
10515,21,30,Latino/Hispanic American,female,5,15,20,20,10,20,Acting,1,1,2,1,9,9,6,8,4,1,2,9,3,10,8,4,4,3,9,3,,,8,9,7,9,7,
10516,21,23,European/Caucasian-American,female,5,20,30,25,5,25,Theater,2,1,4,2,5,8,6,7,5,5,9,9,8,8,8,6,8,9,4,2,,2,6,9,8,8,7,
10517,21,26,European/Caucasian-American,female,5,40,15,30,5,5,Education Policy,8,9,9,5,9,5,8,7,7,2,3,9,4,7,8,7,8,2,2,6,,0.5,8,10,9,9,10,
10518,21,28,Other,female,10,25,15,25,10,15,Social Work/SIPA,2,1,4,6,8,8,10,8,5,2,9,10,8,9,8,5,5,8,2,5,,4,8,9,7,8,5,
10519,21,26,European/Caucasian-American,female,15,10,15,20,10,30,Social Work,3,1,7,7,8,8,8,8,10,7,5,8,6,7,8,8,8,6,6,6,,4,7,9,9,8,8,
10520,21,22,European/Caucasian-American,female,15,10,20,15,20,20,Law,3,6,6,6,6,7,8,9,3,3,7,9,8,10,10,7,7,5,3,5,,4,7,7,7,9,8,
10521,21,27,Asian/Pacific Islander/Asian-American,female,5,10,20,20,20,25,Education,3,2,8,1,5,9,4,3,6,7,8,13,5,2,7,8,9,3,1,9,,,6,9,8,9,6,
10522,21,25,Asian/Pacific Islander/Asian-American,female,10,15,20,25,10,20,medicine,9,6,4,1,7,9,8,8,6,3,8,7,7,8,8,5,5,7,5,6,,3,5,9,7,8,7,
10523,21,24,European/Caucasian-American,female,15,10,20,30,10,15,Public Health,2,8,6,2,8,6,5,5,3,2,1,8,8,9,10,7,8,8,1,6,,3,6,10,8,10,9,
10524,21,26,Latino/Hispanic American,female,10,10,20,30,15,10,Social Work,5,2,2,1,3,10,10,7,6,5,10,8,4,10,8,6,8,4,10,6,,2,3,6,9,7,10,
10525,21,24,Other,female,10,50,5,10,5,20,Social Work,5,5,5,5,1,8,7,7,6,2,7,6,6,8,7,8,8,7,6,1,,0,10,10,10,10,10,
10527,21,22,Asian/Pacific Islander/Asian-American,female,10,10,10,25,20,25,Engineering,4,1,7,4,6,10,8,8,8,6,5,5,5,8,8,8,8,4,4,5,,4,6,10,9,7,5,
10528,21,22,Asian/Pacific Islander/Asian-American,female,5,20,15,10,30,20,Mechanical Engineering,1,1,7,10,5,6,3,8,6,7,6,3,5,8,10,9,10,6,3,8,,6,3,9,9,9,7,
10529,21,25,Asian/Pacific Islander/Asian-American,male,10,15,20,20,5,30,ELECTRICAL ENGINEERING,5,1,10,10,6,6,10,10,10,6,6,6,10,10,10,8,10,1,6,7,,2,10,10,6,10,10,
10530,21,26,Asian/Pacific Islander/Asian-American,male,5,25,20,20,10,20,Electrical Engineering,8,3,7,8,6,8,6,4,4,8,6,9,7,6,8,6,7,5,2,6,,2,7,9,7,8,8,
10531,21,26,European/Caucasian-American,male,12,25,13,25,0,25,Engineering,1,1,7,3,5,7,5,5,7,2,5,3,1,5,7,6,7,2,2,5,,3,8,9,8,9,9,
10532,21,24,Other,male,2,30,5,30,3,30,electrical engineering,1,1,7,9,3,9,9,8,6,7,7,7,3,6,7,8,7,4,1,9,,3.4,7,9,8,9,5,
10533,21,23,European/Caucasian-American,male,10,23,16,19,18,14,Biochemistry,5,6,4,3,4,7,7,6,2,8,8,8,6,6,9,8,9,5,6,6,,8,6,7,6,7,5,
10534,21,29,European/Caucasian-American,male,10,30,20,20,0,20,Math,1,1,7,3,5,8,7,7,3,2,7,8,6,4,9,7,9,7,1,8,,3,7,8,8,8,8,
10535,21,22,Asian/Pacific Islander/Asian-American,male,5,20,25,25,20,5,Electrical Engineering,7,1,6,6,7,10,8,8,3,3,6,10,8,10,10,10,10,10,1,7,,2,7,9,9,9,7,
10536,21,32,European/Caucasian-American,male,0,50,30,10,10,0,Biomedical engineering,1,1,8,2,8,8,8,8,8,8,6,8,5,4,6,3,6,6,6,6,,4,7,8,9,8,8,
10537,21,22,European/Caucasian-American,male,15,30,15,20,10,10,Law,6,6,8,9,8,9,9,9,4,6,8,8,6,7,9,7,7,7,6,7,,6,8,8,9,10,10,
10538,21,24,European/Caucasian-American,male,15,20,20,20,10,15,Industrial Engineering,5,1,6,4,4,5,7,8,8,9,6,7,4,9,9,9,9,6,3,7,,2,5,7,6,5,7,
10539,21,23,Asian/Pacific Islander/Asian-American,male,0,40,20,0,10,30,Industrial Engineering/Operations Research,2,2,10,10,7,8,3,5,4,3,8,3,10,5,10,10,9,9,3,7,,1,8,9,9,9,8,
10540,21,23,Asian/Pacific Islander/Asian-American,male,10,25,20,20,10,15,Masters of Industrial Engineering,7,1,4,7,6,10,9,8,1,8,8,9,8,8,9,9,8,9,6,8,,4,8,9,8,8,9,
10541,21,24,Asian/Pacific Islander/Asian-American,male,16,20,17,16,15,16,Electrical Engineering,9,6,8,8,5,8,8,5,5,9,8,8,8,6,8,8,8,8,3,8,,1,7,9,9,8,9,
10542,21,23,Asian/Pacific Islander/Asian-American,male,10,15,10,20,20,25,Biomedical Engineering,3,8,3,4,3,10,7,8,5,14,9,2,10,7,8,8,9,10,3,5,,0,7,10,10,9,8,
10543,21,24,European/Caucasian-American,male,10,20,20,20,10,20,Biomedical Informatics,7,1,10,2,2,5,5,4,7,5,4,7,4,3,4,5,5,2,1,6,,,8,8,8,9,6,
10544,21,30,European/Caucasian-American,male,5,35,25,20,5,10,Business,3,4,10,5,8,10,4,3,5,1,1,2,4,3,6,3,9,10,6,8,,9,9,8,10,8,7,
10545,21,30,European/Caucasian-American,male,0,25,20,20,15,20,MBA - Private Equity / Real Estate,1,1,9,6,9,7,8,8,2,2,8,9,4,9,8,9,9,6,5,6,,2,7,9,8,8,8,
10546,21,30,European/Caucasian-American,male,0,40,10,20,20,10,Business,8,8,10,8,4,10,3,2,2,5,1,9,6,4,6,7,10,4,1,7,,5,10,10,10,10,10,
10547,21,28,European/Caucasian-American,male,0,20,20,20,20,20,General management/finance,2,3,8,5,6,9,7,7,4,8,8,7,7,8,8,10,10,8,2,5,,3,7,10,8,9,9,
10548,21,30,European/Caucasian-American,male,3,30,30,30,4,3,MBA,5,6,5,3,5,9,7,8,3,3,8,8,3,7,7,4,6,6,3,7,,6,7,7,7,7,7,
10549,21,27,Black/African American,male,0,40,20,20,0,20,Business,2,1,6,1,7,6,7,3,2,1,7,10,2,5,6,7,7,7,1,3,,3,7,8,3,8,5,
10550,21,25,European/Caucasian-American,male,0,70,15,15,0,0,Climate Dynamics,1,1,8,2,5,10,10,10,7,1,9,8,3,7,9,10,10,7,3,10,,3,8,7,6,7,7,
